{"type": "FeatureCollection", "crs": {"type": "name", "properties": {"name": "EPSG:4326"}}, "features": [{"type": "Feature", "id": 1, "geometry": {"type": "Polygon", "coordinates": [[[-103.370643554688, 55.54814453125], [-103.38708821235, 55.5614780832128], [-103.397754878297, 55.579700304205], [-103.398199322711, 55.5965891919539], [-103.38708821235, 55.607700302315], [-103.369310435773, 55.6139225241172], [-103.338643771176, 55.6183669682616], [-103.299977107119, 55.6250336344783], [-103.214199335132, 55.6263669677216], [-103.166199338372, 55.6259225233071], [-103.109310453323, 55.6259225233071], [-102.961088234639, 55.6282003015896], [-102.849088232792, 55.6315336349779], [-102.69842156364, 55.6435336351758], [-102.531088227546, 55.6388669684322], [-102.315754893416, 55.6303669685064], [-102.274754893416, 55.6273669685064], [-102.217754893416, 55.6183669685064], [-102.162754893416, 55.6043669685064], [-102.140754893416, 55.5983669685064], [-102.102754893416, 55.5793669685064], [-102.071754893416, 55.5583669685064], [-102.051754893416, 55.5293669685064], [-102.048754893416, 55.5103669685064], [-102.052754893416, 55.4873669685064], [-102.068754893416, 55.4683669685064], [-102.099754893416, 55.4503669685064], [-102.123754893416, 55.4423669685064], [-102.150754893416, 55.4413669685064], [-102.199754893416, 55.4363669685064], [-102.245754893416, 55.4303669685064], [-102.299754893416, 55.4253669685064], [-102.359754893416, 55.4183669685064], [-102.421754893416, 55.4133669685064], [-102.535754893416, 55.4253669685064], [-102.728754893416, 55.4723669685064], [-102.85931044721, 55.4974780792165], [-102.87531044613, 55.5001447457032], [-102.974421550551, 55.5094780784065], [-103.019754880824, 55.5125891893076], [-103.060199322539, 55.5143669669654], [-103.100199319838, 55.5148114113798], [-103.136643761823, 55.5094780784065], [-103.228199311198, 55.5121447448931], [-103.311754861114, 55.521033633182], [-103.356643746972, 55.5365891876875], [-103.36642152409, 55.5432558539042], [-103.370643554688, 55.54814453125]]]}, "properties": {"FID": 1, "Satellite": "GOES-EAST", "Start": "2026211 1200", "End_": "2026211 1430", "Density": "Light", "Shape__Area": 4513546035.0390625, "Shape__Length": 336176.54085720185}}, {"type": "Feature", "id": 2, "geometry": {"type": "Polygon", "coordinates": [[[-117.412056640625, 39.669943359375], [-117.401890093635, 39.6686092435263], [-117.391056758463, 39.6699425771965], [-117.36405676781, 39.662442579793], [-117.350556772484, 39.6549425823895], [-117.337056777158, 39.6369425886211], [-117.310056786505, 39.6129425969299], [-117.274056798968, 39.5994426016036], [-117.200556824414, 39.5814426078352], [-117.142056844667, 39.557442616144], [-117.110556855572, 39.5094426327616], [-117.100056859207, 39.4749426447055], [-117.113556854533, 39.4284426608038], [-117.133056847782, 39.3714426805371], [-117.272556799487, 39.2694427158495], [-117.322056782351, 39.2484427231197], [-117.388056759501, 39.2484427231197], [-117.433056743922, 39.2409427257162], [-117.478056728343, 39.2349427277934], [-117.520056713803, 39.2049427381794], [-117.631056675375, 39.1449427589514], [-117.689556655122, 39.1239427662215], [-117.722556643698, 39.1389427610286], [-117.712056647333, 39.2049427381794], [-117.689556655122, 39.2574427200039], [-117.64155667174, 39.3234426971547], [-117.614556681087, 39.3594426846915], [-117.586056690954, 39.4029426696318], [-117.565056698224, 39.467442647302], [-117.560556699782, 39.5349426239335], [-117.539556707052, 39.5979426021229], [-117.518556714322, 39.6414425870632], [-117.488556724708, 39.6564425818702], [-117.437556742365, 39.6654425787544], [-117.412056640625, 39.669943359375]]]}, "properties": {"FID": 2, "Satellite": "GOES-EAST", "Start": "2026211 1200", "End_": "2026211 1500", "Density": "Light", "Shape__Area": 2954110164.6171875, "Shape__Length": 231294.8232946095}}, {"type": "Feature", "id": 3, "geometry": {"type": "Polygon", "coordinates": [[[-78.8124130859375, 22.17202734375], [-78.8499772626021, 22.1877529357887], [-78.9128750613603, 22.199983063325], [-78.9757728601185, 22.225316898936], [-79.0543951085663, 22.25938653993], [-79.1033156187115, 22.2890882782325], [-79.1557304510101, 22.3380087883778], [-79.1836850282359, 22.3720784293718], [-79.181064286621, 22.3974122649828], [-79.1635926758549, 22.4070216509042], [-79.1391324207822, 22.4096423925191], [-79.0945798133285, 22.3974122649828], [-79.050900786413, 22.3755727515251], [-78.9748992795802, 22.3406295299927], [-78.9102543197453, 22.2995712446922], [-78.8543451652936, 22.2646280231599], [-78.8237698464528, 22.2375470264723], [-78.7975624303035, 22.2165810935529], [-78.7835851416906, 22.20260380494], [-78.7809644000757, 22.188626516327], [-78.781837980614, 22.1851321941738], [-78.7914473665354, 22.1729020666375], [-78.8069453362955, 22.1697959995658], [-78.8124130859375, 22.17202734375]]]}, "properties": {"FID": 3, "Satellite": "GOES-EAST", "Start": "2026211 1200", "End_": "2026211 1500", "Density": "Light", "Shape__Area": 495599437.3105469, "Shape__Length": 110692.47440106243}}, {"type": "Feature", "id": 4, "geometry": {"type": "Polygon", "coordinates": [[[-76.441265625, 20.58187109375], [-76.4797030029573, 20.5809973136785], [-76.5294970936409, 20.58536521637], [-76.5784176037861, 20.5923538606765], [-76.6168551474717, 20.6037104076745], [-76.6421889830827, 20.6168141157492], [-76.6570398522339, 20.6316649849004], [-76.6631549160021, 20.6482630151282], [-76.6631549160021, 20.667481786971], [-76.6500512079275, 20.678838333969], [-76.6247173723165, 20.6823326561223], [-76.5932684729374, 20.6849533977372], [-76.5565780903284, 20.678838333969], [-76.4971746137234, 20.6613667232029], [-76.4465069425015, 20.6404007902835], [-76.419425945814, 20.6238027600556], [-76.4098165598926, 20.6019632465979], [-76.4115637209692, 20.5923538606765], [-76.4211731068906, 20.5836180552934], [-76.4264145901205, 20.5827444747551], [-76.4345680082764, 20.5821620869231], [-76.441265625, 20.58187109375]]]}, "properties": {"FID": 4, "Satellite": "GOES-EAST", "Start": "2026211 1200", "End_": "2026211 1500", "Density": "Light", "Shape__Area": 240334509.16796875, "Shape__Length": 66773.21696009212}}, {"type": "Feature", "id": 5, "geometry": {"type": "Polygon", "coordinates": [[[-74.8907724609375, 20.218734375], [-74.8807989526509, 20.2140044197905], [-74.8689328165697, 20.1995175433041], [-74.8610705917249, 20.179425190923], [-74.85844985011, 20.1532177747737], [-74.8601970111866, 20.131378261316], [-74.8706799776463, 20.1139066505499], [-74.8846572662592, 20.1042972646285], [-74.9047496186403, 20.097308620322], [-74.9283362931747, 20.0938142981687], [-74.9510493871707, 20.0911935565538], [-74.9772568033199, 20.0929407176304], [-75.0139471859289, 20.0981822008603], [-75.0523847296145, 20.1069180062434], [-75.0925694343767, 20.1139066505499], [-75.1685709412095, 20.1348725834693], [-75.2035141627419, 20.1575856774653], [-75.2105028070483, 20.1837930936145], [-75.1956519378971, 20.2169891540703], [-75.1711916828245, 20.2292192816066], [-75.1353748807538, 20.2335871842981], [-75.082086467917, 20.2335871842981], [-75.011326444314, 20.2309664426832], [-74.9344513569428, 20.2239777983767], [-74.8907724609375, 20.218734375]]]}, "properties": {"FID": 5, "Satellite": "GOES-EAST", "Start": "2026211 1200", "End_": "2026211 1500", "Density": "Light", "Shape__Area": 525463206.2421875, "Shape__Length": 95017.51696477257}}, {"type": "Feature", "id": 6, "geometry": {"type": "Polygon", "coordinates": [[[-74.9061328125, 20.624296875], [-74.9008913042629, 20.6161426997192], [-74.8991441425814, 20.6126483763562], [-74.8991441425814, 20.5986710829043], [-74.904968014853, 20.5765403682722], [-74.9276811167123, 20.5264550667363], [-74.9509766057988, 20.4955885436968], [-74.9731073204309, 20.4804464757906], [-75.0051386179248, 20.4757873779733], [-75.0429937876903, 20.4792817013363], [-75.0825961191372, 20.4903470586523], [-75.1414172290805, 20.5381028112795], [-75.1944144667522, 20.5922648234056], [-75.2293577003819, 20.6470092227587], [-75.247994091651, 20.68777632866], [-75.2270281514732, 20.7279610473341], [-75.1996559517967, 20.7436855024675], [-75.1734485265744, 20.7460150513761], [-75.1122978677225, 20.7267962728798], [-75.0301812686927, 20.6772933585711], [-74.9573828652975, 20.6440972866229], [-74.9061328125, 20.624296875]]]}, "properties": {"FID": 6, "Satellite": "GOES-EAST", "Start": "2026211 1200", "End_": "2026211 1500", "Density": "Light", "Shape__Area": 748989029.7167969, "Shape__Length": 107749.75005184462}}, {"type": "Feature", "id": 7, "geometry": {"type": "Polygon", "coordinates": [[[-71.72784765625, 18.1228984375], [-71.7066006490126, 18.1228977788532], [-71.6818129576243, 18.1370621739322], [-71.6694191119302, 18.1441443714717], [-71.657025266236, 18.1441443714717], [-71.6446314205418, 18.1388327233171], [-71.6322375748477, 18.1158155813137], [-71.6304670254628, 18.09633953808], [-71.6340081242326, 18.0697812973068], [-71.6446314205418, 18.0503052540731], [-71.6552547168511, 18.0396819577639], [-71.7083711983975, 18.0131237169906], [-71.7313883404009, 18.0042709700663], [-71.7561760317892, 17.9971887725268], [-71.7827342725624, 17.9901065749872], [-71.81814526026, 17.9724010811384], [-71.8393918528785, 17.9564661366745], [-71.8730322911913, 17.935219544056], [-71.9172960258132, 17.9210551489769], [-71.9527070135108, 17.9157435008223], [-71.993429649363, 17.9122024020525], [-72.023528988906, 17.9157435008223], [-72.0536283284489, 17.9245962477467], [-72.0766454704524, 17.9405311922106], [-72.0872687667616, 17.9670894329838], [-72.0854982173768, 17.9918771243721], [-72.0713338222977, 18.0219764639151], [-72.0518577790641, 18.0467641553034], [-72.0288406370606, 18.0609285503824], [-71.9881180012084, 18.0839456923858], [-71.9473953653562, 18.09633953808], [-71.9084432788888, 18.0981100874648], [-71.8730322911913, 18.09633953808], [-71.8429329516483, 18.09633953808], [-71.8128336121054, 18.0998806368497], [-71.7774226244078, 18.1016511862346], [-71.7614876799439, 18.1051922850044], [-71.72784765625, 18.1228984375]]]}, "properties": {"FID": 7, "Satellite": "GOES-EAST", "Start": "2026211 1500", "End_": "2026211 1700", "Density": "Light", "Shape__Area": 789670005.8378906, "Shape__Length": 125841.97873390003}}, {"type": "Feature", "id": 8, "geometry": {"type": "Polygon", "coordinates": [[[-74.9282607421875, 20.27426171875], [-74.9129154850993, 20.2471129662584], [-74.9034725526608, 20.2282271013813], [-74.8987510864416, 20.2152430692783], [-74.8952099867771, 20.1975375709561], [-74.889308154003, 20.1774713395243], [-74.8857670543386, 20.159765841202], [-74.8857670543386, 20.1420603428798], [-74.8869474208934, 20.127895944222], [-74.889308154003, 20.1113708124546], [-74.8940296202223, 20.1019278800161], [-74.8987510864416, 20.1007475134613], [-74.9034725526608, 20.1007475134613], [-74.9129154850993, 20.1066493462354], [-74.9223584175378, 20.1255352111124], [-74.9282602503119, 20.140879976325], [-74.9318013499764, 20.1609462077569], [-74.9353424496408, 20.1715695067502], [-74.9412442824149, 20.1845535388532], [-74.9495068482986, 20.1963572044013], [-74.9613105138468, 20.2093412365043], [-74.9648516135112, 20.217603802388], [-74.9695730797304, 20.2317682010457], [-74.9707534462852, 20.2435718665939], [-74.9707534462852, 20.2624577314709], [-74.9648516135112, 20.2766221301287], [-74.953047947963, 20.2848846960124], [-74.9424246489697, 20.2848846960124], [-74.9282607421875, 20.27426171875]]]}, "properties": {"FID": 8, "Satellite": "GOES-EAST", "Start": "2026211 1500", "End_": "2026211 1700", "Density": "Light", "Shape__Area": 113775550.99804688, "Shape__Length": 50444.36599671828}}, {"type": "Feature", "id": 9, "geometry": {"type": "Polygon", "coordinates": [[[-76.632119140625, 20.71217578125], [-76.5908061969725, 20.6968325502786], [-76.5648381327665, 20.68738961784], [-76.5388700685606, 20.6791270519563], [-76.5117216377999, 20.6708644860726], [-76.4763106411554, 20.6614215536341], [-76.4503425769495, 20.649617888086], [-76.4243745127436, 20.6307320232089], [-76.4125708471954, 20.6024032258934], [-76.4137512137502, 20.5835173610163], [-76.4220137796339, 20.5764351616874], [-76.4373585448465, 20.5752547951326], [-76.4562444097235, 20.5764351616874], [-76.472769541491, 20.5811566279067], [-76.4940161394776, 20.5870584606808], [-76.5117216377999, 20.5953210265645], [-76.5341486023413, 20.6059443255578], [-76.5530344672184, 20.6165676245511], [-76.5849043641984, 20.6295516566541], [-76.6155938946236, 20.6472571549763], [-76.6368404926102, 20.6614215536341], [-76.6557263574873, 20.6791270519563], [-76.663988923371, 20.7015540164978], [-76.6604478237065, 20.7121773154911], [-76.6521852578228, 20.71925951482], [-76.6439226919391, 20.71925951482], [-76.632119140625, 20.71217578125]]]}, "properties": {"FID": 9, "Satellite": "GOES-EAST", "Start": "2026211 1500", "End_": "2026211 1700", "Density": "Light", "Shape__Area": 213096632.9453125, "Shape__Length": 69670.97763237404}}, {"type": "Feature", "id": 10, "geometry": {"type": "Polygon", "coordinates": [[[-78.2342294921875, 21.8600078125], [-78.2255044838384, 21.8536624388372], [-78.2183657856893, 21.8441441746384], [-78.2128134649066, 21.8314531557065], [-78.2088475214904, 21.8187621367747], [-78.2048815780742, 21.8060711178429], [-78.2048815780742, 21.7910005328614], [-78.2056747667575, 21.7751367591966], [-78.2088475214904, 21.7640321176313], [-78.2143998422731, 21.7553070421157], [-78.2247112951552, 21.7473751552833], [-78.234229559354, 21.7465819666], [-78.2461273896026, 21.7521342873827], [-78.2564388424847, 21.7759299478799], [-78.2588184085344, 21.7917937215446], [-78.2611979745841, 21.8036915517932], [-78.2667502953668, 21.8147961933585], [-78.273888993516, 21.8243144575574], [-78.2834072577148, 21.8346259104395], [-78.284200446398, 21.8489033067378], [-78.2810276916651, 21.8584215709366], [-78.26754348405, 21.8655602690858], [-78.2524728990685, 21.8655602690858], [-78.2342294921875, 21.8600078125]]]}, "properties": {"FID": 10, "Satellite": "GOES-EAST", "Start": "2026211 1500", "End_": "2026211 1700", "Density": "Light", "Shape__Area": 82703223.5, "Shape__Length": 37160.75040926672}}, {"type": "Feature", "id": 11, "geometry": {"type": "Polygon", "coordinates": [[[-79.3674970703125, 22.58180859375], [-79.3050337115702, 22.5157763178642], [-79.2657708989355, 22.4800828518326], [-79.2211540663961, 22.444389385801], [-79.1908146202692, 22.4247579794837], [-79.1265663814124, 22.3872798401505], [-79.0801648755713, 22.3569403940237], [-79.0141319634129, 22.3283856211984], [-78.9427450313498, 22.2980461750716], [-78.8999128721119, 22.2855534619605], [-78.8606500594772, 22.2712760755479], [-78.8088945337314, 22.2534293425321], [-78.7714163943982, 22.22844391631], [-78.7482156414777, 22.1927504502784], [-78.7517849880809, 22.1659803507548], [-78.7624930278903, 22.1463489444374], [-78.7803397609061, 22.1374255779295], [-78.8053251871282, 22.1374255779295], [-78.844587999763, 22.1374255779295], [-78.9070515653182, 22.1499182910406], [-78.958807091064, 22.16062633085], [-79.0105626168098, 22.182042410469], [-79.060533469254, 22.2016738167863], [-79.1015809551903, 22.2195205498021], [-79.1461977877297, 22.2462906493258], [-79.1836759270629, 22.2730607488495], [-79.2300774329039, 22.3051848682779], [-79.2639862256339, 22.3319549678016], [-79.3038654943375, 22.366493093854], [-79.3335884843955, 22.3997725532615], [-79.3585739106176, 22.4283273260868], [-79.378205316935, 22.4586667722137], [-79.4031907431571, 22.4890062183405], [-79.4174681295697, 22.5175609911657], [-79.4299608426808, 22.5496851105942], [-79.4317455159823, 22.56753184361], [-79.4263914960776, 22.5835939033242], [-79.4085447630618, 22.5960866164352], [-79.3942673766492, 22.5960866164352], [-79.3746359703318, 22.5889479232289], [-79.3674970703125, 22.58180859375]]]}, "properties": {"FID": 11, "Satellite": "GOES-EAST", "Start": "2026211 1500", "End_": "2026211 1700", "Density": "Light", "Shape__Area": 1227735737.4453125, "Shape__Length": 197590.5561406983}}, {"type": "Feature", "id": 12, "geometry": {"type": "Polygon", "coordinates": [[[-81.622109375, 31.01381640625], [-81.5088205134231, 30.9724819100177], [-81.4402348977603, 30.9311468214928], [-81.3988997368315, 30.9063457249355], [-81.3465418663216, 30.8898116605639], [-81.2804056088354, 30.8650105640066], [-81.2161064296294, 30.8438836723678], [-81.1674228356299, 30.826431080473], [-81.0323946432623, 30.7823402421489], [-80.9607470309856, 30.7602948229869], [-80.8946107734994, 30.7437607586153], [-80.7954063872701, 30.7354937264295], [-80.7127360654124, 30.7354937264295], [-80.536372712116, 30.7520277908011], [-80.5005489059776, 30.7547834681964], [-80.4564580676535, 30.7602948229869], [-80.3958331649578, 30.7658061777774], [-80.3572536814242, 30.7630505003821], [-80.3048958109143, 30.7492721134058], [-80.2663163273807, 30.7272266942438], [-80.2084471020803, 30.6831358559197], [-80.1781346507325, 30.644556372386], [-80.1560892315704, 30.6059768888524], [-80.1560892315704, 30.5673974053188], [-80.1560892315704, 30.5122838574137], [-80.1698676185467, 30.4681930190896], [-80.194668715104, 30.4213465033702], [-80.2277368438471, 30.3855226972319], [-80.2828503917523, 30.3524545684888], [-80.3434752944479, 30.3331648267219], [-80.3958331649578, 30.3193864397457], [-80.4647250998392, 30.3166307623504], [-80.5308613573254, 30.3248977945362], [-80.5666851634637, 30.3276534719314], [-80.7678496133176, 30.3882783746271], [-80.8394972255942, 30.4075681163939], [-80.8973664508947, 30.4241021807655], [-80.9607470309856, 30.4433919225323], [-81.0351503206575, 30.4709486964848], [-81.0985309007485, 30.4985054704374], [-81.1894682547919, 30.5425963087615], [-81.2611158670686, 30.5729087601094], [-81.3162294149738, 30.6059768888524], [-81.3658316080884, 30.6390450175955], [-81.4099224464125, 30.6721131463386], [-81.4457462525509, 30.707936952477], [-81.4815700586892, 30.7382494038248], [-81.5201495422228, 30.7740732099631], [-81.5614847031517, 30.804385661311], [-81.59730850929, 30.8374537900541], [-81.6248652832426, 30.8705219187971], [-81.6496663797999, 30.8953230153545], [-81.6772231537525, 30.9311468214928], [-81.6992685729146, 30.9531922406549], [-81.7102912824956, 30.9724819824217], [-81.7102912824956, 30.997283078979], [-81.6992685729146, 31.019328498141], [-81.6772231537525, 31.0248398529316], [-81.660689089381, 31.0248398529316], [-81.622109375, 31.01381640625]]]}, "properties": {"FID": 12, "Satellite": "GOES-EAST", "Start": "2026211 1500", "End_": "2026211 1700", "Density": "Light", "Shape__Area": 6910812189.480469, "Shape__Length": 422234.8568151604}}, {"type": "Feature", "id": 13, "geometry": {"type": "Polygon", "coordinates": [[[-82.787607421875, 31.424986328125], [-82.7312693853767, 31.4127395880366], [-82.7177971890514, 31.4053911173137], [-82.6945270317624, 31.393143666109], [-82.6737063647143, 31.3808962149042], [-82.6492114623048, 31.3625250380971], [-82.6296155403772, 31.341704371049], [-82.613693853811, 31.3196589588805], [-82.6014464026063, 31.2976135467119], [-82.5928731867629, 31.2767928796638], [-82.5928731867629, 31.2559722126157], [-82.5940979318834, 31.2376010358086], [-82.6002216574858, 31.2192298590015], [-82.613693853811, 31.2057576626762], [-82.6308402854977, 31.194734956592], [-82.6443124818229, 31.1959597017124], [-82.66268365863, 31.2045329175558], [-82.6786053451962, 31.21555562364], [-82.6945270317624, 31.2363762906881], [-82.7043249927262, 31.2547474674953], [-82.7116734634491, 31.2743433894229], [-82.7226961695334, 31.2976135467119], [-82.7312693853767, 31.315984723519], [-82.7410673463405, 31.3306816649647], [-82.7508653073043, 31.3392548808081], [-82.7594385231476, 31.3429291161695], [-82.7876076609186, 31.3576260576152], [-82.8072035828462, 31.36987350882], [-82.8182262889304, 31.3796714697838], [-82.8231252694123, 31.3870199405066], [-82.8316984852557, 31.3980426465909], [-82.8329232303762, 31.4066158624342], [-82.8280242498942, 31.4176385685185], [-82.8194510340509, 31.4225375490004], [-82.8059788377257, 31.4274365294823], [-82.787607421875, 31.424986328125]]]}, "properties": {"FID": 13, "Satellite": "GOES-EAST", "Start": "2026211 1500", "End_": "2026211 1700", "Density": "Light", "Shape__Area": 370298083.82421875, "Shape__Length": 86776.66017654278}}, {"type": "Feature", "id": 14, "geometry": {"type": "Polygon", "coordinates": [[[-82.7398427734375, 31.79241015625], [-82.7153476988105, 31.7813878692997], [-82.7067744829672, 31.7617919473721], [-82.7018755024853, 31.7483197510469], [-82.6969765220034, 31.7287238291193], [-82.6957517768829, 31.7091279071917], [-82.6920775415215, 31.6907567303846], [-82.6798300903167, 31.6674865730955], [-82.6602341683891, 31.6466659060474], [-82.6430877367024, 31.6295194743608], [-82.6271660501363, 31.6074740621922], [-82.6124691086905, 31.5805296695418], [-82.6149185989315, 31.5560347671322], [-82.6247165598953, 31.5315398647227], [-82.639413501341, 31.5205171586384], [-82.6577846781481, 31.519292413518], [-82.6798300903167, 31.5278656293613], [-82.7092239732081, 31.5437873159275], [-82.7386178560995, 31.5633832378551], [-82.763112758509, 31.5805296695418], [-82.788832406039, 31.5903276305056], [-82.8157767986895, 31.5976761012284], [-82.8500696620628, 31.6074740621922], [-82.8819130351952, 31.6307442194812], [-82.891710996159, 31.6540143767703], [-82.889261505918, 31.6883072401436], [-82.8806882900747, 31.6968804559869], [-82.8647666035085, 31.7017794364688], [-82.8451706815809, 31.7066784169507], [-82.8304737401352, 31.7115773974326], [-82.8182262889304, 31.7189258681555], [-82.8084283279666, 31.7287238291193], [-82.8072035828462, 31.7507692412878], [-82.8072035828462, 31.7703651632155], [-82.7998551121233, 31.7875115949021], [-82.7851581706776, 31.7973095558659], [-82.763112758509, 31.8009837912274], [-82.7398427734375, 31.79241015625]]]}, "properties": {"FID": 14, "Satellite": "GOES-EAST", "Start": "2026211 1500", "End_": "2026211 1700", "Density": "Light", "Shape__Area": 600988740.4335938, "Shape__Length": 106110.38805632052}}, {"type": "Feature", "id": 15, "geometry": {"type": "Polygon", "coordinates": [[[-100.881538085937, 35.762494140625], [-100.865525753363, 35.7615414888321], [-100.855002025081, 35.7564610682825], [-100.841575199343, 35.74230846818], [-100.838672087317, 35.7220775167757], [-100.837447342816, 35.7098300717607], [-100.837447342816, 35.6951331377427], [-100.839896831819, 35.6841104372292], [-100.849694787831, 35.6779867147217], [-100.868065955353, 35.6694135032112], [-100.888886611879, 35.6632897807037], [-100.918280479915, 35.6547165691932], [-100.937876391939, 35.6461433576827], [-100.966045515473, 35.6302216791631], [-100.996664128011, 35.6106257671391], [-101.018709529038, 35.5861308771091], [-101.038305441062, 35.5555122645716], [-101.054227119581, 35.5334668635445], [-101.072598287104, 35.517545185025], [-101.092194199128, 35.5040729955085], [-101.114239600155, 35.4918255504935], [-101.133835512179, 35.4893760614905], [-101.164454124716, 35.4942750394965], [-101.181600547738, 35.5114214625175], [-101.179151058734, 35.5359163525475], [-101.169353102722, 35.5542875200701], [-101.152206679701, 35.5677597095866], [-101.12648704517, 35.5849061326076], [-101.108115877647, 35.5934793441181], [-101.090969454626, 35.6020525556286], [-101.076272520608, 35.6118505116406], [-101.060350842089, 35.6265474456586], [-101.044429163569, 35.6449186131812], [-101.024833251545, 35.6730877367157], [-101.013810551032, 35.6902341597367], [-100.994214639008, 35.7159537942682], [-100.97951770499, 35.7294259837848], [-100.956247559461, 35.7441229178028], [-100.931752669431, 35.7539208738148], [-100.904808290398, 35.7624940853253], [-100.881538085937, 35.762494140625]]]}, "properties": {"FID": 15, "Satellite": "GOES-EAST", "Start": "2026211 1500", "End_": "2026211 1700", "Density": "Light", "Shape__Area": 489440065.16015625, "Shape__Length": 114598.22672416495}}, {"type": "Feature", "id": 16, "geometry": {"type": "Polygon", "coordinates": [[[-106.812998046875, 37.3244433593751], [-106.79095292193, 37.3048469253578], [-106.779930222253, 37.2889252480464], [-106.770132266985, 37.2742283151435], [-106.763645655916, 37.2558571430239], [-106.767274529212, 37.2326323539318], [-106.781154966662, 37.2142158391236], [-106.800750877199, 37.1995189062208], [-106.820346787736, 37.1909456953608], [-106.84239218709, 37.1799229956837], [-106.861988097627, 37.1640013183723], [-106.875460286122, 37.1468548966523], [-106.89383145225, 37.1309332193409], [-106.91097787397, 37.1186857752552], [-106.939146995367, 37.1027640979438], [-106.961192394722, 37.0990898647181], [-106.98813677171, 37.1003146091266], [-107.001608960204, 37.1088878199866], [-107.01385640429, 37.133382708158], [-107.019980126333, 37.1529786186951], [-107.019980126333, 37.1689002960065], [-107.01385640429, 37.2056426282636], [-107.005691504736, 37.2253746073406], [-106.996982208827, 37.2373498892162], [-106.983237794076, 37.2485086825636], [-106.969765605582, 37.2546324046064], [-106.955068672679, 37.2595313822407], [-106.940371739776, 37.2656551042835], [-106.930573827516, 37.2721870728544], [-106.924450062464, 37.2815767815949], [-106.918326340422, 37.2925994812721], [-106.913427362787, 37.3060716697663], [-106.904854151927, 37.3146448806263], [-106.891381963433, 37.3281170691206], [-106.875460286122, 37.3379150243892], [-106.85953860881, 37.3403645132063], [-106.837493209456, 37.3366902799806], [-106.824021020962, 37.3317913023463], [-106.812998046875, 37.3244433593751]]]}, "properties": {"FID": 16, "Satellite": "GOES-EAST", "Start": "2026211 1500", "End_": "2026211 1700", "Density": "Light", "Shape__Area": 574121151.6992188, "Shape__Length": 95251.88599706243}}, {"type": "Feature", "id": 17, "geometry": {"type": "Polygon", "coordinates": [[[-117.36669140625, 39.819365234375], [-117.317088945869, 39.760576878067], [-117.29136930082, 39.7183231754869], [-117.267486773275, 39.6650467678858], [-117.260138303261, 39.6283044178161], [-117.260138303261, 39.5860507152359], [-117.267486773275, 39.5474712476627], [-117.29688065333, 39.4978690750686], [-117.315251828365, 39.4758236650267], [-117.379550940987, 39.4023389648873], [-117.430990231085, 39.3637594973141], [-117.475081051168, 39.3270171472444], [-117.504474931224, 39.3123202072165], [-117.566936926343, 39.310483089713], [-117.605516393916, 39.3343656172584], [-117.631236038965, 39.3729450848315], [-117.645932978993, 39.4151987874117], [-117.645932978993, 39.4592896074954], [-117.638584508979, 39.5015433100755], [-117.636747391475, 39.5327743076348], [-117.636747391475, 39.5640053051941], [-117.638584508979, 39.5970734202568], [-117.638584508979, 39.6338157703265], [-117.638584508979, 39.6779065904102], [-117.633073156468, 39.7293458805078], [-117.620213333944, 39.7771109355984], [-117.609190628923, 39.8046676981507], [-117.592656571392, 39.8414100482204], [-117.57061116135, 39.8634554582622], [-117.544891516301, 39.8763152807866], [-117.498963578714, 39.8855008683041], [-117.469569698658, 39.8836637508006], [-117.432827348588, 39.8652925757657], [-117.36669140625, 39.819365234375]]]}, "properties": {"FID": 17, "Satellite": "GOES-EAST", "Start": "2026211 1500", "End_": "2026211 1700", "Density": "Light", "Shape__Area": 2676716757.5429688, "Shape__Length": 203855.84907872268}}, {"type": "Feature", "id": 18, "geometry": {"type": "Polygon", "coordinates": [[[-122.507445102464, 43.2192068375288], [-122.488665682277, 43.2024686486199], [-122.481317211026, 43.1914459417436], [-122.464783150712, 43.1583778211145], [-122.453760443836, 43.128983936111], [-122.453760443836, 43.1032642867329], [-122.468457386337, 43.0701961661038], [-122.488665682277, 43.0499878701639], [-122.51071109603, 43.042639398913], [-122.540104981034, 43.029779574224], [-122.582358690726, 43.0187568673476], [-122.619101046981, 43.0003856892204], [-122.650332049797, 42.9709918042168], [-122.683400170426, 42.9526206260896], [-122.710956937617, 42.9379236835878], [-122.756884882935, 42.923226741086], [-122.795464357002, 42.9195525054606], [-122.823021124193, 42.9269009767115], [-122.835880948882, 42.9452721548387], [-122.837718066695, 42.9654804507786], [-122.837718066695, 42.9856887467186], [-122.841392302463, 43.0020186830061], [-122.844658289749, 43.0207981099009], [-122.848740773571, 43.042639398913], [-122.848740773571, 43.0610105770402], [-122.843229420133, 43.0867302264184], [-122.837718066695, 43.1014271689202], [-122.824858242006, 43.1161241114219], [-122.804649946066, 43.1344952895491], [-122.786278767938, 43.1436808786128], [-122.766070471999, 43.1547035854891], [-122.738513704808, 43.1602149389273], [-122.718305408868, 43.1638891745527], [-122.683400170426, 43.1767489992418], [-122.648494931984, 43.1987944129945], [-122.628286636044, 43.2134913554963], [-122.593381397603, 43.2318625336235], [-122.563987512599, 43.2392110048743], [-122.536430745408, 43.2392110048743], [-122.507445102464, 43.2192068375288]]]}, "properties": {"FID": 18, "Satellite": "GOES-EAST", "Start": "2026211 1500", "End_": "2026211 1700", "Density": "Light", "Shape__Area": 1338373191.5859375, "Shape__Length": 144564.70721203403}}, {"type": "Feature", "id": 19, "geometry": {"type": "Polygon", "coordinates": [[[-126.65016015625, 61.0660634765625], [-126.874050508424, 61.9765459632726], [-127.008383994189, 63.2751029923327], [-126.739717022659, 64.4542524784907], [-126.217309022462, 65.3796609359818], [-124.366491983361, 66.8722553350936], [-123.672435581944, 67.4095893232873], [-122.441045192333, 67.9917011438304], [-121.299210467422, 68.3275348864515], [-120.045431161636, 68.5290351320242], [-116.194537579582, 69.6708698569357], [-115.142258519369, 70.0290925157315], [-113.216811728342, 70.4320930068768], [-111.157031440266, 70.5664265039252], [-109.343529230112, 70.9022602465463], [-107.888249678754, 70.9022602465463], [-106.522525792095, 70.3873151745273], [-104.776190330466, 69.4917585275379], [-102.940299204137, 68.3947016349757], [-100.432740592567, 66.6931440056957], [-98.7087940471122, 65.819976274881], [-96.5370691781628, 64.9020307117168], [-95.1265674591544, 64.2527521426494], [-92.5742310473631, 63.4691400776415], [-91.0629792304959, 62.965389472019], [-88.7121430709247, 61.7899713922335], [-85.857556305731, 60.1779694542418], [-84.2119709940312, 58.767467758499], [-81.6521719848691, 58.0734113117106], [-81.0700603585917, 57.9241519203575], [-80.2342077670141, 57.5360775028392], [-78.6064809623011, 57.3176580888812], [-77.6728413656443, 56.3103101030146], [-77.5254245872248, 55.2292537279383], [-77.5868482448996, 54.0007805744425], [-77.5745635133647, 52.9320089309012], [-77.5008551241549, 52.0843624549891], [-77.5885850214377, 51.3306182910362], [-77.9308207278784, 50.7576114492137], [-78.0905222378329, 50.0573817517211], [-77.9062512648085, 49.0008948397147], [-77.7342650233191, 47.4898728609149], [-77.8325428755988, 46.2491149758841], [-77.9676749224833, 45.3154753792273], [-78.2266691218928, 44.2109430649061], [-78.2266691218928, 44.1437763174898], [-78.2565210001634, 43.4124052998594], [-77.9132244000511, 42.5168489517404], [-77.4505202868563, 41.5168110296743], [-76.6445195735493, 40.3973655945255], [-75.4205925644533, 39.6510686377597], [-74.2563693118987, 39.2928460985122], [-73.2264795115619, 39.3973276724594], [-71.9950896516897, 39.9794391969155], [-71.1890891420251, 40.5167728700253], [-70.2711441171292, 41.2332177675051], [-69.6218659287882, 41.7033847314761], [-68.30092064906, 42.3078851137246], [-65.9276969261584, 43.0243300112043], [-63.4649175910718, 43.7855527147765], [-61.5618608321413, 44.5243865153025], [-60.1065821341357, 44.5467754183487], [-58.8528035635462, 44.7258866427186], [-57.0616913198469, 44.7258866427186], [-52.3152438740438, 44.7034977396724], [-51.3749099461017, 44.6587199335799], [-50.3450204059745, 44.3228863878863], [-48.912130611015, 42.9571633020656], [-48.2404635196279, 41.7033847314761], [-48.1732968104892, 40.4943839669791], [-48.5315192592291, 39.2182164933433], [-49.4270753810786, 37.6733821831527], [-50.6136872425295, 36.7778260613029], [-52.0913548435813, 35.7927143272684], [-57.2631914472631, 33.3523238952281], [-58.7184701452687, 32.882156931257], [-61.0021382559854, 31.8298784880837], [-62.6141392753147, 31.0014890753727], [-66.2859193748982, 29.725321601737], [-68.0322538125051, 29.1879879286272], [-69.6890326379269, 28.4939319341937], [-71.5697004938111, 27.4192645879741], [-73.0473680948631, 26.8147642057257], [-75.0847582720711, 26.1207082112922], [-76.7639260005391, 25.6505412473212], [-79.7864279117817, 25.1355964772577], [-81.2417066097873, 25.1803742833501], [-82.7193742108392, 25.5162078290437], [-84.7567643880473, 26.0087636960611], [-85.5403759946657, 25.8520413747374], [-86.7269878561164, 25.5385967320899], [-88.0927109419372, 24.8221518346103], [-89.0778226759718, 24.1728736462693], [-90.3913050257295, 23.3295582717961], [-90.6151941127592, 22.8967060368719], [-90.7793794432477, 22.2996684714594], [-91.1674538607659, 21.2100749145813], [-91.7346395479079, 20.1354072968385], [-92.2669980414133, 18.1005042660321], [-92.4560598930316, 17.6825780677181], [-92.5555661307253, 17.1452443841716], [-92.6053192495723, 16.6477131957025], [-92.5356648831866, 16.1800338785417], [-92.1475905561808, 15.7621076802277], [-91.8988249619463, 15.3939346007607], [-91.550553130018, 15.0854652639099], [-90.9336144563164, 14.7570946795203], [-89.6897864851438, 14.3491191049757], [-89.2121565442136, 14.0705016394331], [-88.7643784745915, 13.9212422828924], [-88.4857610090488, 13.6426248173497], [-88.515612880357, 13.2645011141133], [-88.7544278508221, 12.9261799059544], [-89.5355518619746, 11.9112162048902], [-90.0281078534401, 11.6276233613192], [-90.8490345058824, 11.1350673698537], [-91.8341464888133, 10.7917707697415], [-93.0729994370445, 10.4484741696293], [-94.2820005070051, 10.105177569517], [-94.9984455855002, 10.1350294477876], [-96.0581872641077, 10.2096591434641], [-97.0134473687679, 10.3589185348173], [-97.9239296560222, 10.8664004654181], [-98.7597822475998, 11.5082158482366], [-99.5807089000422, 12.3589943789497], [-100.580746822108, 13.3291804227452], [-101.610636622445, 14.030699562105], [-102.55097078797, 14.5680333709764], [-103.670416223119, 15.2695525103362], [-104.610750388644, 15.8367381974782], [-105.959060164524, 16.5183560637621], [-106.297381423173, 16.5183560637621], [-107.252641447595, 16.6278129415604], [-108.297457099305, 16.7074179435955], [-108.944247740841, 16.8765785729202], [-109.401976502543, 17.3044554588589], [-109.670643384411, 17.8119373468327], [-109.710445885429, 18.2796167337891], [-109.561186506613, 18.7174442449823], [-109.312420875253, 18.966209876342], [-109.073605869148, 19.2647286339737], [-108.705432734735, 19.5234448905878], [-108.227802722525, 19.961272401781], [-107.690468958788, 20.4687542897548], [-107.192937696068, 20.9463843019656], [-106.83471518691, 21.2449030595973], [-106.416788926226, 21.4737674404482], [-106.148122316898, 21.8220393885628], [-106.227727353179, 22.3892252720644], [-106.526246239232, 22.9265592669606], [-107.123284011339, 23.4439920027865], [-107.710371153911, 23.7027083706996], [-108.247705148807, 23.9713753681477], [-108.844742920914, 24.2997461428064], [-109.232817472784, 24.6878206946759], [-109.34227439767, 25.0858458760805], [-109.34227439767, 25.6032786119066], [-109.282570620459, 25.9416000161005], [-108.824841661844, 26.070958200057], [-108.307408926018, 26.1207113477325], [-107.799926819727, 25.9117481274951], [-107.073530863664, 25.5734267233012], [-106.635703164119, 25.2450559486424], [-106.038665238901, 24.6529933807232], [-105.740146182725, 24.2052147964589], [-105.411775220931, 23.6678804953417], [-105.113256164755, 23.1454721470334], [-104.445376099977, 22.5719211229191], [-103.585444191171, 22.3999347411581], [-102.541241159051, 22.4122194827124], [-101.656739767137, 22.7316227631257], [-101.140780621854, 23.3458598408437], [-101.116211138745, 24.2303612327576], [-101.656739767137, 25.6676759946176], [-102.234122620192, 26.9821433409341], [-102.713227540812, 27.8175057666305], [-103.302895135421, 28.3580343950223], [-104.0891185949, 28.0632005977176], [-104.580508257075, 27.5595261939889], [-105.428155424325, 27.2278381720213], [-105.980968794271, 27.7069430926412], [-106.030107760489, 28.7511461247618], [-105.686134996967, 30.1638914035131], [-105.698419906062, 31.7117695034189], [-105.489579209795, 33.3087865925166], [-104.715640158925, 34.8443799474183], [-104.150541804321, 35.8271596945554], [-103.083326499207, 36.3922553431809], [-102.41165862281, 37.3475163229448], [-101.471323765557, 38.8923521275362], [-101.225045606436, 40.056576152473], [-101.20265668288, 41.3999115658617], [-101.650435154009, 42.2283017374514], [-102.613158866938, 42.8551915970328], [-103.822160738987, 42.9895251383716], [-104.874440146142, 42.8999694441458], [-105.814774935514, 42.4969688201292], [-106.374498024426, 42.0268014254431], [-107.135721425346, 41.4894672600876], [-108.008889444049, 40.8849663240627], [-109.038779927647, 40.1461318466989], [-110.426893301283, 39.4670011240031], [-111.188116894533, 39.1386301622092], [-112.083674063061, 38.8998149172682], [-112.934453373163, 38.6908515779449], [-113.710602919222, 38.5863699082832], [-114.48675246528, 38.5415920498568], [-115.143494388867, 38.7505553891801], [-115.755458454029, 38.9445927756947], [-116.972752835536, 39.2547209079528], [-117.344243223771, 39.2613546648855], [-117.609593501081, 39.3409597480787], [-117.748902396669, 39.4869024005995], [-117.848408750661, 39.6195775392548], [-117.748902396669, 39.8185902472378], [-117.490185876292, 40.1967143924054], [-117.204934328183, 40.5217684821108], [-117.105427974191, 40.8932588703457], [-117.191666814317, 41.251481744715], [-117.596325987216, 41.5300995358911], [-117.901478806123, 41.5367332928238], [-118.233166652761, 41.3708893695047], [-118.664360853391, 41.0591027936648], [-119.015949970827, 41.0392015228665], [-119.593086823978, 41.1055390921941], [-120.044182295406, 41.2448479877822], [-120.704241191445, 41.8717381362909], [-120.923155221285, 42.33941810913], [-121.032612236204, 42.7175423424892], [-121.102266700244, 43.0260121118086], [-121.152019888844, 43.3643337942879], [-121.281378179204, 43.7424580276472], [-121.410736469564, 43.9414707820468], [-121.699304963443, 44.2897431022461], [-121.908268355563, 44.6678673356053], [-121.987873457323, 44.9464851917648], [-121.987873457323, 45.1554485838844], [-121.958021544163, 45.3942638891639], [-121.858515166963, 45.5932766435635], [-121.304596276469, 45.9813515490918], [-120.880035586767, 46.2002656547193], [-120.415672332405, 46.3462083918044], [-120.103885575906, 46.531953693549], [-119.871703948725, 46.7376002776233], [-119.758930015523, 46.969781904804], [-119.818633862512, 47.1157246418891], [-119.991111642704, 47.2483998574209], [-120.249828312991, 47.3412725082932], [-120.588150112597, 47.3744413121762], [-121.065780818116, 47.1488934859978], [-121.304596145735, 47.0891896540931], [-121.802128078274, 46.820522410522], [-122.150400431052, 46.4921513350462], [-122.50862342248, 46.0344219571102], [-122.906648968511, 45.3975810834602], [-123.314625153193, 44.5915793527469], [-123.623094951367, 44.0343435883032], [-123.921614110891, 43.3776014373516], [-124.279837102319, 42.9298226980664], [-124.707714564303, 42.7407605637016], [-125.523666933667, 42.6810567317969], [-126.20031036192, 42.7606618410031], [-126.817249958268, 43.039279723225], [-127.284929974855, 43.6263674036211], [-127.394387000014, 44.3328627478266], [-127.165522311046, 44.9398517055243], [-126.886904428824, 45.5766925791743], [-126.667990378506, 46.2831879233798], [-126.468977605491, 46.7409173013157], [-126.240112916523, 47.1488934859978], [-126.011248227555, 47.546919032029], [-125.51371650954, 48.4972045673141], [-125.155493732637, 48.9673719620002], [-124.550992796612, 49.4599282802427], [-124.036047554813, 49.8853178278158], [-123.521102313014, 50.5569855345101], [-123.185268459667, 51.0271529291962], [-122.78226783565, 51.6764317123341], [-122.33448936452, 52.1689880305766], [-121.729988428496, 52.6615443488191], [-121.170265339584, 52.9973782021662], [-120.677709021341, 53.4227677497394], [-120.297097320881, 54.0720465328772], [-120.185152703098, 54.9228256280234], [-120.140374855986, 55.840771493839], [-120.453819785776, 56.7811062832111], [-121.326987804479, 57.4751629134619], [-122.289711517407, 57.900552461035], [-123.118101688997, 58.2139973908257], [-123.946491860587, 58.5722201677293], [-124.685326337951, 59.0871654095283], [-125.695315564476, 59.9503828005644], [-126.033637082567, 60.1991486226904], [-126.401810499314, 60.587223305207], [-126.602896304982, 60.8923766112448], [-126.65016015625, 61.0660634765625]]]}, "properties": {"FID": 19, "Satellite": "GOES-EAST", "Start": "2026211 1200", "End_": "2026211 1500", "Density": "Light", "Shape__Area": 39267507941932.625, "Shape__Length": 39853697.38507028}}, {"type": "Feature", "id": 20, "geometry": {"type": "Polygon", "coordinates": [[[-114.31573828125, 47.042583984375], [-114.286344476921, 47.0756516352964], [-114.267973310881, 47.090348568129], [-114.252051633645, 47.1111692229751], [-114.238579445215, 47.1295403890158], [-114.220208279175, 47.145462066251], [-114.199387624329, 47.1479115550565], [-114.184690691496, 47.1430125774456], [-114.176117480677, 47.1246414114049], [-114.178566969483, 47.1013712677534], [-114.188364924704, 47.0719774020883], [-114.206736090745, 47.0548309804503], [-114.220208279175, 47.0438082808259], [-114.234905212007, 47.0254371147852], [-114.250826889243, 47.0033917155363], [-114.260624844464, 46.9874700383011], [-114.269198055283, 46.9727731054685], [-114.278996010505, 46.9593009170387], [-114.296142432143, 46.940929750998], [-114.313288853781, 46.9286823069709], [-114.336558997433, 46.9286823069709], [-114.351528106119, 46.9334452054561], [-114.365952863098, 46.9482782174143], [-114.363503374292, 46.9690988722604], [-114.357379652279, 46.9899195271065], [-114.33533425303, 47.0242123703825], [-114.31573828125, 47.042583984375]]]}, "properties": {"FID": 20, "Satellite": "GOES-EAST", "Start": "2026211 1500", "End_": "2026211 1700", "Density": "Light", "Shape__Area": 332899730.9375, "Shape__Length": 87488.77654968371}}, {"type": "Feature", "id": 21, "geometry": {"type": "Polygon", "coordinates": [[[-123.5101328125, 63.7251401367187], [-123.342725382327, 63.6259358839615], [-123.21458639469, 63.5432655693575], [-123.144316627277, 63.4853963491346], [-122.99964357672, 63.3779249401494], [-122.912839746386, 63.3159222041964], [-122.80123482167, 63.2415189210527], [-122.677229349764, 63.1505815749883], [-122.60282606662, 63.0968458704956], [-122.536689814937, 63.0389766502728], [-122.39615028011, 62.9480393042084], [-122.313479965506, 62.9067041469064], [-122.243210198093, 62.8943035997158], [-122.044801443043, 62.8529684424137], [-121.953864096979, 62.8447014109533], [-121.883594329565, 62.8405678952231], [-121.532245533228, 62.801299503619], [-121.352437644394, 62.801299503619], [-121.240832747877, 62.801299503619], [-120.949419962525, 62.8074997756477], [-120.800613433835, 62.826100591734], [-120.614605272973, 62.826100591734], [-120.298391399506, 62.8137000476765], [-120.062781062413, 62.8137000476765], [-119.951176165896, 62.8199003197052], [-119.845771541407, 62.8199003197052], [-119.727966372861, 62.7950992315902], [-119.591560388228, 62.7640978714464], [-119.436553587509, 62.7206959672451], [-119.262945970704, 62.6214916147851], [-119.188542706359, 62.5346878063825], [-119.151341074186, 62.4230829098649], [-119.151341074186, 62.3734807336348], [-119.213343794474, 62.317678285376], [-119.306347874905, 62.2618758371173], [-119.442753859538, 62.243275021031], [-119.591560388228, 62.243275021031], [-119.783768821119, 62.2618758371173], [-119.913974533723, 62.292877197261], [-120.019379158212, 62.3052777413185], [-120.161985414873, 62.3052777413185], [-120.323192487621, 62.2804766532035], [-120.465798744283, 62.243275021031], [-120.589804184858, 62.1936728448009], [-120.707609353404, 62.1006687643696], [-120.738610713548, 62.0262655000245], [-120.757211529634, 61.8836592433631], [-120.782012617749, 61.8154562510469], [-120.844015338037, 61.7472532587306], [-120.930819146439, 61.6914508104717], [-121.02382322687, 61.635648362213], [-121.123027579331, 61.5798459139542], [-121.247033019906, 61.5364440097529], [-121.364838188452, 61.5240434656954], [-121.482643356998, 61.5240434656954], [-121.606648797573, 61.5426442817816], [-121.767855870321, 61.5860461859829], [-121.867060222781, 61.6170475461267], [-121.953864031184, 61.6418486342417], [-122.164673280161, 61.6666497223567], [-122.350681441024, 61.6666497223567], [-122.474686881599, 61.6666497223567], [-122.617293138261, 61.6790502664142], [-122.704096946663, 61.7038513545293], [-122.815701843181, 61.734852714673], [-122.896305379555, 61.7782546188743], [-122.976908915928, 61.8402573391619], [-123.138115988676, 61.9270611475645], [-123.243520613165, 61.989063867852], [-123.355125509682, 62.0200652279958], [-123.472930678229, 62.0758676762546], [-123.590735846775, 62.1130693084271], [-123.71474128735, 62.1688717566859], [-123.875948360098, 62.2742763811748], [-124.024754888788, 62.4106823658074], [-124.130159513277, 62.6090910707276], [-124.223163593708, 62.7826986875327], [-124.272765769938, 62.9563063043378], [-124.291366586025, 63.1113131050567], [-124.291366586025, 63.2663199057756], [-124.260365225881, 63.4151264344657], [-124.204562777622, 63.5267313309833], [-124.099158153133, 63.6135351393859], [-123.999953800673, 63.6817381317022], [-123.869748088069, 63.7313403079323], [-123.770543735609, 63.7437408519898], [-123.627937478948, 63.7499411240185], [-123.5101328125, 63.7251401367187]]]}, "properties": {"FID": 21, "Satellite": "GOES-EAST", "Start": "2026211 1500", "End_": "2026211 1700", "Density": "Light", "Shape__Area": 148023445416.8203, "Shape__Length": 1813916.4312082361}}, {"type": "Feature", "id": 22, "geometry": {"type": "Polygon", "coordinates": [[[-106.50122265625, 62.9978937988281], [-106.447946255366, 62.9960567543921], [-106.372624437723, 62.9887082843782], [-106.337719205157, 62.9868711668747], [-106.267908740025, 62.9684999918398], [-106.225655037445, 62.9482916993015], [-106.181564217361, 62.9170607017422], [-106.152170337305, 62.8729698816586], [-106.150333219802, 62.8417388840993], [-106.155844572312, 62.8086707690366], [-106.17605286485, 62.7884624764982], [-106.205446744906, 62.7866253589947], [-106.234840624962, 62.7958109465122], [-106.267908740025, 62.8123450040435], [-106.299139737584, 62.8362275315888], [-106.326696500136, 62.8472502366098], [-106.354253262689, 62.8490873541133], [-106.389158495255, 62.8545987066237], [-106.425900845325, 62.8656214116446], [-106.458968960387, 62.882155469176], [-106.479177252926, 62.8931781741969], [-106.504896897974, 62.9152235842387], [-106.526942308016, 62.9409432292875], [-106.536127895534, 62.9666628743363], [-106.52877942552, 62.9887082843782], [-106.50122265625, 62.9978937988281]]]}, "properties": {"FID": 22, "Satellite": "GOES-EAST", "Start": "2026211 1500", "End_": "2026211 1700", "Density": "Light", "Shape__Area": 1306268831.1640625, "Shape__Length": 148862.0729061282}}, {"type": "Feature", "id": 23, "geometry": {"type": "Polygon", "coordinates": [[[-106.13563671875, 62.8086706542969], [-105.992341114502, 62.8105078865401], [-105.887625416803, 62.821530591561], [-105.799443776636, 62.8307161790784], [-105.711262136469, 62.8490873541133], [-105.650637258854, 62.8637842941411], [-105.584501028728, 62.8895039391899], [-105.520201916106, 62.9078751142248], [-105.432020275939, 62.9262462892596], [-105.349349988282, 62.9409432292875], [-105.28505087566, 62.9409432292875], [-105.218914645534, 62.9299205242666], [-105.156452650416, 62.8950152917004], [-105.106850477822, 62.8399017665958], [-105.097664890304, 62.7939738290087], [-105.108687595325, 62.7462087739181], [-105.136244357878, 62.7131406588553], [-105.156452650416, 62.6800725437926], [-105.184009412968, 62.6359817237089], [-105.218914645534, 62.5827053161078], [-105.255656995604, 62.5514743185485], [-105.312607638212, 62.5184062034858], [-105.358535575799, 62.5037092634579], [-105.422834688421, 62.5092206159684], [-105.487133801043, 62.5184062034858], [-105.560618501183, 62.5312660260102], [-105.624917613805, 62.5496372010451], [-105.687379608923, 62.5478000835416], [-105.759027191559, 62.5331031435137], [-105.825163421685, 62.5220804384928], [-105.922530649369, 62.5220804384928], [-106.003363819523, 62.5312660260102], [-106.075011402159, 62.5386144960241], [-106.12828780976, 62.5551485535555], [-106.17605286485, 62.5918909036252], [-106.201772509899, 62.6194476661775], [-106.221980802438, 62.6543528987438], [-106.242189094976, 62.7076293063448], [-106.242189094976, 62.7517201264285], [-106.234840624962, 62.7756026539738], [-106.20728386241, 62.7939738290087], [-106.163193042326, 62.8086707690366], [-106.13563671875, 62.8086706542969]]]}, "properties": {"FID": 23, "Satellite": "GOES-EAST", "Start": "2026211 1500", "End_": "2026211 1700", "Density": "Light", "Shape__Area": 9586871194.484375, "Shape__Length": 386714.85472742486}}, {"type": "Feature", "id": 24, "geometry": {"type": "Polygon", "coordinates": [[[-78.5035028087433, 50.4693949119703], [-78.47302029898, 50.4655845982499], [-78.453968730378, 50.4574196402776], [-78.4381831449649, 50.4492546823053], [-78.4321955091186, 50.4367350800811], [-78.4321955091186, 50.4193165030736], [-78.4409047976224, 50.4078855619123], [-78.4566903830354, 50.400809265003], [-78.4742450416022, 50.392372131915], [-78.4926162028678, 50.3862484114931], [-78.5073131318802, 50.3801246910713], [-78.5207853168083, 50.3715514824807], [-78.5342575017363, 50.359304041637], [-78.5465049425801, 50.3433823685401], [-78.556302895255, 50.3250112072745], [-78.5746740565206, 50.3127637664308], [-78.5942699618705, 50.3029658137559], [-78.618764843558, 50.3017410696715], [-78.6408102370767, 50.3054153019246], [-78.6579566542579, 50.3176627427683], [-78.6628556305954, 50.3348091599495], [-78.661630886511, 50.3568545534682], [-78.651832933836, 50.3678772502276], [-78.6395854929923, 50.3740009706494], [-78.6212143317267, 50.3813494351556], [-78.6077421467986, 50.3862484114931], [-78.5942699618705, 50.3911473878306], [-78.5820225210268, 50.4009453405056], [-78.5734493124362, 50.415642269518], [-78.5685503360988, 50.4278897103617], [-78.5599771275081, 50.4401371512055], [-78.5465049425801, 50.4536093361335], [-78.5305832694832, 50.4634072888085], [-78.5035028087433, 50.4693949119703]]]}, "properties": {"FID": 24, "Satellite": "GOES-EAST", "Start": "2026211 1500", "End_": "2026211 1700", "Density": "Light", "Shape__Area": 361081408.578125, "Shape__Length": 84382.66918059648}}, {"type": "Feature", "id": 25, "geometry": {"type": "Polygon", "coordinates": [[[-92.9153957519531, 17.80075390625], [-92.8988617805833, 17.7860566401033], [-92.8896761839478, 17.7787081627949], [-92.8786534679852, 17.7658483275052], [-92.8694678713496, 17.7419657762528], [-92.8694678713496, 17.7254317023088], [-92.8694678713496, 17.710734747692], [-92.8713049906767, 17.6978749124022], [-92.8786534679852, 17.6905264350938], [-92.8915133032749, 17.6831779577854], [-92.9153958545273, 17.6831779577854], [-92.9521382410694, 17.6868521964396], [-92.979695030976, 17.6886893157667], [-93.014600298191, 17.6850150771125], [-93.0384828494434, 17.6776665998041], [-93.0715509973313, 17.6703181224956], [-93.1046191452192, 17.6556211678788], [-93.1413615317613, 17.640924213262], [-93.1836152762847, 17.6207159006638], [-93.2332174981166, 17.6041818267199], [-93.2883310779297, 17.5913219914301], [-93.3416075384158, 17.5858106334488], [-93.3912097602477, 17.5858106334488], [-93.4720430106403, 17.589484872103], [-93.5289937097806, 17.6005075880656], [-93.5988042442106, 17.624390139318], [-93.6667776593135, 17.6537840485517], [-93.7200541197996, 17.6795037191312], [-93.7586336256688, 17.7070605090378], [-93.7917017735567, 17.7419657762528], [-93.8210956827904, 17.780545282122], [-93.848652472697, 17.8209619073183], [-93.8596751886597, 17.8485186972249], [-93.8578380693325, 17.8815868451128], [-93.8523267113512, 17.8981209190568], [-93.8413039953886, 17.9146549930007], [-93.8247699214446, 17.9256777089634], [-93.7825161769212, 17.936700424926], [-93.7329139550893, 17.9403746635802], [-93.6778003752762, 17.9403746635802], [-93.639220869407, 17.9330261862718], [-93.5749216929583, 17.9073065156923], [-93.5510391417059, 17.8962837997297], [-93.4720430106403, 17.866889890496], [-93.4481604593879, 17.8485186972249], [-93.361815851014, 17.8136134300099], [-93.3030280325466, 17.7934051174117], [-93.2515886913876, 17.7878937594304], [-93.1872895149389, 17.7915679980846], [-93.1211532191631, 17.797079356066], [-93.0880850712752, 17.8081020720286], [-93.0733881166584, 17.815450549337], [-93.0531798040602, 17.8172876686641], [-93.0201116561723, 17.8209619073183], [-92.9723465536675, 17.8191247879912], [-92.9356041671254, 17.8099391913557], [-92.9153957519531, 17.80075390625]]]}, "properties": {"FID": 25, "Satellite": "GOES-EAST", "Start": "2026211 1500", "End_": "2026211 1700", "Density": "Light", "Shape__Area": 2612140474.453125, "Shape__Length": 255171.0602094086}}, {"type": "Feature", "id": 26, "geometry": {"type": "Polygon", "coordinates": [[[-92.5406235351563, 17.9311875], [-92.5130667218911, 17.9220034703091], [-92.5020440059285, 17.9183292316549], [-92.476324335349, 17.8999580383839], [-92.4634645000592, 17.8834239644399], [-92.4616273807321, 17.8595414131875], [-92.4653016193864, 17.8448444585707], [-92.4726500966948, 17.8374959812623], [-92.4910212899658, 17.8283103846268], [-92.5167409605453, 17.8283103846268], [-92.5608318243958, 17.8301475039539], [-92.615945404209, 17.8356588619352], [-92.6581991487325, 17.8448444585707], [-92.7206612058541, 17.8540300552062], [-92.7702634276859, 17.8687270098231], [-92.8694678713496, 17.8962837997297], [-92.9080473772188, 17.9128178736736], [-92.9539753603965, 17.936700424926], [-92.9962291049199, 17.955071618197], [-93.0476684460789, 17.9789541694494], [-93.0825737132939, 17.9991624820476], [-93.1211532191631, 18.0212079139729], [-93.1689183216679, 18.0542760618608], [-93.2019864695558, 18.0910184484029], [-93.2258690208081, 18.1222494769637], [-93.2387288560979, 18.1406206702347], [-93.2460773334063, 18.1773630567769], [-93.2442402140792, 18.1865486534124], [-93.2295432594624, 18.197571369375], [-93.2001493502287, 18.197571369375], [-93.1652440830137, 18.197571369375], [-93.1174789805089, 18.1810372954311], [-93.0807365939668, 18.1700145794684], [-93.0292972528078, 18.1516433861974], [-92.9815321503031, 18.1314350735992], [-92.944789763761, 18.1149009996552], [-92.9062102578917, 18.0965298063842], [-92.8639565133683, 18.0799957324402], [-92.7923088596112, 18.0450904652252], [-92.7647520697046, 18.0285563912813], [-92.6692218646951, 17.9789541694494], [-92.6343165974801, 17.9660943341597], [-92.5865514949753, 17.9477231408886], [-92.5406235351563, 17.9311875]]]}, "properties": {"FID": 26, "Satellite": "GOES-EAST", "Start": "2026211 1500", "End_": "2026211 1700", "Density": "Light", "Shape__Area": 1485754593.2792969, "Shape__Length": 203773.77485961356}}, {"type": "Feature", "id": 27, "geometry": {"type": "Polygon", "coordinates": [[[-94.0084819335938, 18.26003515625], [-93.9368342003981, 18.2453364718798], [-93.883557739912, 18.2288023979358], [-93.813747205482, 18.2232910399545], [-93.7641449836502, 18.2232910399545], [-93.7035200458557, 18.2232910399545], [-93.5914557669022, 18.2049198466834], [-93.5455277837246, 18.1865486534124], [-93.4885770845843, 18.1571547441787], [-93.4444862207338, 18.1314350735992], [-93.4003953568832, 18.0983669257113], [-93.3673272089953, 18.0726472551318], [-93.3342590611074, 18.0542760618608], [-93.3030280325466, 18.0322306299355], [-93.2644485266774, 18.0175336753186], [-93.2277061401353, 18.0009996013747], [-93.1928008729202, 17.9826284081036], [-93.1634069636866, 17.9569087375241], [-93.1487100090697, 17.936700424926], [-93.1376872931071, 17.9146549930007], [-93.1340130544529, 17.8889353224212], [-93.1340130544529, 17.8779126064586], [-93.1431986510884, 17.8613785325147], [-93.1689183216679, 17.8448444585707], [-93.1983122309016, 17.8374959812623], [-93.2277061401353, 17.8393331005894], [-93.2662856460045, 17.850355816552], [-93.3048651518737, 17.8760754871315], [-93.3287477031261, 17.8926095610754], [-93.361815851014, 17.920166350982], [-93.3820241636121, 17.9385375442531], [-93.4003953568832, 17.9587458568513], [-93.4242779081356, 17.9789541694494], [-93.4628574140048, 17.9991624820476], [-93.4940884425656, 18.0101851980102], [-93.5418535450704, 18.0267192719542], [-93.5822701702667, 18.0377419879168], [-93.622686795463, 18.0432533458981], [-93.6686147786406, 18.0487647038794], [-93.7200541197996, 18.0524389425337], [-93.7641449836502, 18.0542760618608], [-93.8229328021175, 18.0597874198421], [-93.8688607852952, 18.0597874198421], [-93.900091813856, 18.0597874198421], [-93.9680652289589, 18.0487647038794], [-94.004807615501, 18.0359048685897], [-94.0378757633889, 18.0212079139729], [-94.0580840759871, 17.9991624820476], [-94.074618149931, 17.9789541694494], [-94.091152223875, 17.9532344988699], [-94.1040120591647, 17.9348633055989], [-94.1223832524358, 17.9238405896362], [-94.1481029230153, 17.9109807543465], [-94.1664741162863, 17.9091436350194], [-94.1885195482116, 17.9091436350194], [-94.2087278608097, 17.9164921123278], [-94.2417960086976, 17.9477231408886], [-94.2601672019687, 17.9826284081036], [-94.2711899179314, 18.0101851980102], [-94.2730270372585, 18.0395791072439], [-94.2730270372585, 18.0652987778234], [-94.2693527986042, 18.0983669257113], [-94.26567855995, 18.127760834945], [-94.2546558439874, 18.1534805055245], [-94.2344475313892, 18.1828744147582], [-94.2068907414827, 18.2067569660105], [-94.1683112356134, 18.23247663659], [-94.1370802070526, 18.2453364718798], [-94.1003378205105, 18.2526849491882], [-94.0286901667534, 18.2618705458237], [-94.0084819335938, 18.26003515625]]]}, "properties": {"FID": 27, "Satellite": "GOES-EAST", "Start": "2026211 1500", "End_": "2026211 1700", "Density": "Light", "Shape__Area": 2769121380.109375, "Shape__Length": 311091.7777331019}}, {"type": "Feature", "id": 28, "geometry": {"type": "Polygon", "coordinates": [[[-93.3598425707187, 18.2520271270459], [-93.3322631036834, 18.2418662707698], [-93.3191991456141, 18.2379954683788], [-93.2942506809648, 18.2312517801988], [-93.2762877539152, 18.2263528000943], [-93.258234007957, 18.2176737558265], [-93.245895825336, 18.2079967498492], [-93.2417830977956, 18.1988035941708], [-93.2420250229451, 18.1876750372969], [-93.2509763567088, 18.1822619791543], [-93.2583248268655, 18.1806289857861], [-93.2673062903904, 18.1806289857861], [-93.2826684480497, 18.1850138606531], [-93.2934341842807, 18.1879774559428], [-93.3032321444896, 18.190426945995], [-93.3146630980667, 18.1928764360473], [-93.3269105483278, 18.1969589194676], [-93.3407909919571, 18.2002249062039], [-93.3579374223226, 18.2075733763606], [-93.3734508593201, 18.2157383432013], [-93.3848818128971, 18.2255363034103], [-93.3938632764219, 18.2377837536714], [-93.3968571185819, 18.2450112977124], [-93.392986316191, 18.2505755761493], [-93.3848818128971, 18.2549301840369], [-93.3733903790869, 18.2566237048851], [-93.3598425707187, 18.2520271270459]]]}, "properties": {"FID": 28, "Satellite": "GOES-EAST", "Start": "2026211 1500", "End_": "2026211 1700", "Density": "Light", "Shape__Area": 78324975.01757812, "Shape__Length": 40972.59527574365}}, {"type": "Feature", "id": 29, "geometry": {"type": "Polygon", "coordinates": [[[-103.256458984375, 55.5985151367187], [-103.21245857738, 55.5978484453709], [-103.171125247518, 55.5958484455389], [-103.111791919169, 55.5958484455389], [-103.05312525743, 55.5998484452029], [-103.008458594515, 55.5998484452029], [-102.931125267677, 55.5945151123176], [-102.864458606611, 55.5938484457069], [-102.839791942016, 55.5945151123176], [-102.828458609634, 55.5891817794322], [-102.831791942688, 55.5791817802722], [-102.848458607954, 55.5718484475548], [-102.876458605603, 55.5625151150055], [-102.9137919358, 55.5525151158454], [-102.952458599219, 55.5465151163494], [-103.026458593003, 55.5465151163494], [-103.070458589307, 55.5445151165174], [-103.122458584939, 55.5411817834641], [-103.23290302073, 55.5454040052583], [-103.245347464334, 55.5445151164294], [-103.267125240642, 55.544070672015], [-103.278680795418, 55.5485151161594], [-103.288014128121, 55.5591817821061], [-103.291569683436, 55.5702928924672], [-103.290680794608, 55.5814040028283], [-103.28490301722, 55.5929595576038], [-103.280458573075, 55.5956262240905], [-103.269051166463, 55.5971077057955], [-103.261051167675, 55.5988854833039], [-103.256458984375, 55.5985151367187]]]}, "properties": {"FID": 29, "Satellite": "GOES-EAST", "Start": "2026211 1200", "End_": "2026211 1430", "Density": "Medium", "Shape__Area": 481486588.8515625, "Shape__Length": 114490.49417276158}}, {"type": "Feature", "id": 30, "geometry": {"type": "Polygon", "coordinates": [[[-122.148415264269, 62.3453793384871], [-122.071227881842, 62.3313167430515], [-121.968499204526, 62.3260459921498], [-121.778727955744, 62.3223167453254], [-121.567228042153, 62.3073167536631], [-121.465978093316, 62.2983167582109], [-121.33547815926, 62.244316785498], [-121.213978220656, 62.192566811648], [-121.112728271819, 62.1498168332503], [-121.024978316161, 62.0845668662221], [-120.966478345722, 62.0598168787287], [-120.919228369598, 62.0305668935092], [-120.870221891077, 61.9979906443285], [-120.870221891077, 61.9442128343454], [-120.917333030401, 61.9188794858411], [-120.994666410046, 61.9184350411304], [-121.067999787296, 61.9184350411304], [-121.139728258176, 61.9180669503572], [-121.171228242258, 61.909066954905], [-121.195978229752, 61.8888169651376], [-121.204978225204, 61.8663169765072], [-121.189228233162, 61.8280669958356], [-121.207228224067, 61.7628170288074], [-121.220728217245, 61.7268170469987], [-121.263478195643, 61.686317067464], [-121.344478154712, 61.6390670913402], [-121.441228105823, 61.6188171015728], [-121.51322806944, 61.6323170947511], [-121.587478031921, 61.6593170811076], [-121.66847799099, 61.7020670595053], [-121.852977897759, 61.7560670322183], [-121.942977852281, 61.7673170265335], [-122.003727821583, 61.798817010616], [-122.080227782926, 61.8483169856029], [-122.194977724941, 61.906816956042], [-122.291727676052, 61.9518169333027], [-122.3862276283, 62.0058169060157], [-122.43797760215, 62.0350668912353], [-122.543727548713, 62.0688168741808], [-122.650227500202, 62.0875668631902], [-122.672727494517, 62.0875668631902], [-122.767227470641, 62.0875668631902], [-122.813727458893, 62.0935668616743], [-122.878227442596, 62.1100668575054], [-122.941227426679, 62.1205668548525], [-123.034790071497, 62.1050042597085], [-123.102290093554, 62.1200042646102], [-123.292790155805, 62.1410042714725], [-123.414290195508, 62.1905042876479], [-123.549290239623, 62.2715043141168], [-123.580790249917, 62.3540043410759], [-123.640790269523, 62.4605043758776], [-123.643790270503, 62.5805044150908], [-123.61679026168, 62.7050044557744], [-123.583790250897, 62.8055044886155], [-123.487790219526, 62.892504517045], [-123.397977094658, 62.9313162564981], [-123.296727180874, 62.9346912536242], [-123.121227330315, 62.8705663082276], [-122.999727433774, 62.8165663542094], [-122.803977600458, 62.7355664231821], [-122.682477703917, 62.6984414547946], [-122.547477818872, 62.6478164979026], [-122.398977945322, 62.5870665496321], [-122.311228020042, 62.5060666186049], [-122.257228066024, 62.4216916904514], [-122.214415264269, 62.3883793384871], [-122.185415264269, 62.3623793384871], [-122.148415264269, 62.3453793384871]]]}, "properties": {"FID": 30, "Satellite": "GOES-EAST", "Start": "2026211 1200", "End_": "2026211 1450", "Density": "Medium", "Shape__Area": 41201073229.55469, "Shape__Length": 977120.6890010635}}, {"type": "Feature", "id": 31, "geometry": {"type": "Polygon", "coordinates": [[[-110.500703125, 63.33084375], [-110.338702598007, 63.351093822365], [-110.065328290498, 63.351093822365], [-109.756516572756, 63.3814687454215], [-109.169268060329, 63.5080309248239], [-108.921206188701, 63.5586557965848], [-108.703519240129, 63.5333433607043], [-108.313707727569, 63.4169061556542], [-108.009958497004, 63.2903439762518], [-107.766959112551, 63.1587193096734], [-107.665709369029, 63.0270946430949], [-107.589772061388, 62.9005324636926], [-107.493584805042, 62.7182829253532], [-107.377147599992, 62.5056584639573], [-107.306272779527, 62.2322841564482], [-107.286022830822, 61.9791597976435], [-107.351835164111, 61.6905980286061], [-107.453084907633, 61.0172872341856], [-107.751771651023, 60.3743513628216], [-108.090958291821, 60.0908520809604], [-109.032580921328, 59.7415404658099], [-109.346455157787, 59.6504156874829], [-109.791954074053, 59.5339784707318], [-110.191890601154, 59.4934785692532], [-110.485514886874, 59.4884160815684], [-110.718389320377, 59.5036035446228], [-111.017076093782, 59.5491659337863], [-111.234763064229, 59.6251032490588], [-111.533449837634, 59.7516654411795], [-111.65494954207, 59.8427902195065], [-111.751136808082, 60.0351647515301], [-111.766324271136, 60.1617269436508], [-111.634699591331, 60.4604137170558], [-111.447387546992, 60.754038002776], [-111.290450428762, 60.8552877564726], [-111.138575798218, 61.0476622884962], [-110.981638679988, 61.2501617958894], [-110.890513901661, 61.5235361308703], [-110.799389123334, 61.9538475840809], [-110.812326596297, 62.1732220698438], [-110.915826337534, 62.296971760453], [-111.010326101272, 62.4229714454368], [-111.084575915637, 62.5692210797931], [-111.098075881885, 62.8009705003884], [-111.06207597189, 62.9832200447401], [-110.956326236278, 63.0912197747263], [-110.846076511918, 63.1924695215883], [-110.74707675943, 63.2577193584549], [-110.654826990067, 63.2982192571997], [-110.607577108198, 63.3072192346986], [-110.500703125, 63.33084375]]]}, "properties": {"FID": 31, "Satellite": "GOES-EAST", "Start": "2026211 1200", "End_": "2026211 1450", "Density": "Medium", "Shape__Area": 347485793061.8047, "Shape__Length": 2421937.854410796}}, {"type": "Feature", "id": 32, "geometry": {"type": "Polygon", "coordinates": [[[-117.399140625, 39.651525390625], [-117.39014007026, 39.648192686633], [-117.377140068183, 39.6415260183507], [-117.371140068183, 39.6325260183507], [-117.370140068183, 39.6225260183507], [-117.373140068183, 39.6045260183507], [-117.386140068183, 39.5905260183507], [-117.402140068183, 39.5785260183507], [-117.419140068183, 39.5705260183507], [-117.428140068183, 39.5645260183507], [-117.448140068183, 39.5635260183507], [-117.466140068183, 39.5655260183507], [-117.480140068183, 39.5675260183507], [-117.492140068183, 39.5755260183508], [-117.496140068183, 39.5925260183507], [-117.495140068183, 39.6115260183507], [-117.493140068183, 39.6285260183507], [-117.482140068183, 39.6365260183507], [-117.465140068183, 39.6425260183507], [-117.424140068183, 39.6505260183507], [-117.399140625, 39.651525390625]]]}, "properties": {"FID": 32, "Satellite": "GOES-EAST", "Start": "2026211 1200", "End_": "2026211 1500", "Density": "Medium", "Shape__Area": 140473884.07421875, "Shape__Length": 43476.35393156062}}, {"type": "Feature", "id": 33, "geometry": {"type": "Polygon", "coordinates": [[[-116.548142578125, 48.9123173828125], [-116.578142375825, 48.9363171690446], [-116.617142375825, 48.9563171690446], [-116.640142375825, 48.9943171690446], [-116.646142375825, 49.0673171690446], [-116.636142375825, 49.1113171690446], [-116.611142375825, 49.1523171690446], [-116.566142375825, 49.1563171690446], [-116.513142375825, 49.1363171690446], [-116.458142375825, 49.0793171690446], [-116.412142375825, 49.0113171690446], [-116.371142375825, 48.9423171690446], [-116.336142375825, 48.8863171690446], [-116.304142375825, 48.8183171690446], [-116.290142375825, 48.7743171690446], [-116.283142375825, 48.7133171690446], [-116.291142375825, 48.6493171690446], [-116.311142375825, 48.6283171690446], [-116.366809036214, 48.6413171660127], [-116.390142364105, 48.6586504953033], [-116.422809023153, 48.6926504873733], [-116.446809017555, 48.7419838092004], [-116.46080901429, 48.7813171333598], [-116.468809012424, 48.8219837905417], [-116.484142342181, 48.8546504495893], [-116.497475672405, 48.8733171119023], [-116.514809001695, 48.8939837737488], [-116.542142328653, 48.9093171035058], [-116.548142578125, 48.9123173828125]]]}, "properties": {"FID": 33, "Satellite": "GOES-EAST", "Start": "2026211 1200", "End_": "2026211 1500", "Density": "Medium", "Shape__Area": 1667377514.1171875, "Shape__Length": 206814.01026584042}}, {"type": "Feature", "id": 34, "geometry": {"type": "Polygon", "coordinates": [[[-106.175578125, 62.7340964355469], [-106.111078221487, 62.7505964767441], [-106.028578098921, 62.7505964767441], [-105.955077989726, 62.7505964767441], [-105.883077882759, 62.7385964589164], [-105.81407778025, 62.7325964500025], [-105.718077637628, 62.7325964500025], [-105.638577519519, 62.7310964477741], [-105.586077441522, 62.7295964455456], [-105.541077374668, 62.7115964188039], [-105.526077352383, 62.6740963630922], [-105.532077361297, 62.6560963363506], [-105.629577506148, 62.6185962806388], [-105.721077642085, 62.6035962583541], [-105.80357776465, 62.5990962516687], [-105.874077869388, 62.5975962494403], [-105.946077976355, 62.6005962538972], [-106.030078101149, 62.5900962382979], [-106.075078168003, 62.5810962249271], [-106.124578241543, 62.5825962271556], [-106.157578290569, 62.6140962739534], [-106.177078319539, 62.6365963073805], [-106.192078341824, 62.6665963519499], [-106.199578352966, 62.7070964121186], [-106.189578352966, 62.7255964188039], [-106.175578125, 62.7340964355469]]]}, "properties": {"FID": 34, "Satellite": "GOES-EAST", "Start": "2026211 1200", "End_": "2026211 1500", "Density": "Medium", "Shape__Area": 2358905735.578125, "Shape__Length": 197301.3324256862}}, {"type": "Feature", "id": 35, "geometry": {"type": "Polygon", "coordinates": [[[-117.405271484375, 39.685255859375], [-117.399759233526, 39.6595354153753], [-117.405270586036, 39.6301415353195], [-117.408944821043, 39.6099332427812], [-117.416293291057, 39.5933991852498], [-117.423641761071, 39.5842135977324], [-117.440175818602, 39.5695166577045], [-117.456709876134, 39.5658424226975], [-117.486103756189, 39.5695166577045], [-117.502637813721, 39.5823764802289], [-117.519171871252, 39.5989105377603], [-117.532031693776, 39.6154445952916], [-117.543054398797, 39.631978652823], [-117.552239986315, 39.6503498278579], [-117.552239986315, 39.6650467678857], [-117.548565751308, 39.6834179429206], [-117.543054398797, 39.6907664129346], [-117.526520341266, 39.696277765445], [-117.49712646121, 39.6981148829485], [-117.473243933665, 39.7054633529624], [-117.460384111141, 39.7073004704659], [-117.442012936106, 39.7054633529624], [-117.41813040856, 39.6981148829485], [-117.405271484375, 39.685255859375]]]}, "properties": {"FID": 35, "Satellite": "GOES-EAST", "Start": "2026211 1500", "End_": "2026211 1700", "Density": "Medium", "Shape__Area": 263196820.3671875, "Shape__Length": 60004.99771601538}}, {"type": "Feature", "id": 36, "geometry": {"type": "Polygon", "coordinates": [[[-122.52724609375, 43.1675625], [-122.516222416904, 43.1638892336829], [-122.51009869229, 43.1577655090687], [-122.502750222753, 43.1442933149176], [-122.497851243061, 43.127146885998], [-122.499075987984, 43.1148994367697], [-122.502750222753, 43.1002024976958], [-122.508873947367, 43.091629283236], [-122.523570886441, 43.0806065789305], [-122.544391550129, 43.0683591297022], [-122.562762723971, 43.0634601500109], [-122.579909152891, 43.0597859152424], [-122.593381347042, 43.0561116804739], [-122.609303031039, 43.0499879558598], [-122.625224715036, 43.0426394863228], [-122.642371143955, 43.0352910167858], [-122.666866042412, 43.0242683124804], [-122.690136195945, 43.0230435675575], [-122.712181604556, 43.0218188226347], [-122.731777523322, 43.0254930574032], [-122.751373442087, 43.0328415269402], [-122.759946656547, 43.0389652515543], [-122.762396146392, 43.0524374457054], [-122.762396146392, 43.0634601500109], [-122.755047676855, 43.0744828543164], [-122.74402497255, 43.0904045383131], [-122.733002268245, 43.0965282629273], [-122.720754819016, 43.1014272426186], [-122.704833135019, 43.1051014773871], [-122.671765022103, 43.1148994367697], [-122.657068083029, 43.1246973961523], [-122.648494868569, 43.134495355535], [-122.638696909187, 43.1430685699948], [-122.627674204881, 43.1528665293774], [-122.612977265807, 43.1602149989144], [-122.598280326733, 43.1651139786057], [-122.583583387659, 43.1675634684514], [-122.560313234126, 43.170012958297], [-122.538267825515, 43.1687882133742], [-122.52724609375, 43.1675625]]]}, "properties": {"FID": 36, "Satellite": "GOES-EAST", "Start": "2026211 1500", "End_": "2026211 1700", "Density": "Medium", "Shape__Area": 399910523.6484375, "Shape__Length": 81384.32983969545}}, {"type": "Feature", "id": 37, "geometry": {"type": "Polygon", "coordinates": [[[-120.113828125, 46.0857021484375], [-119.992923167867, 46.1229036515436], [-119.79761432634, 46.2717103879452], [-119.732511379164, 46.3275129140957], [-119.620906326863, 46.4019162822965], [-119.369794959185, 46.4112167033216], [-119.220988222783, 46.2810108089703], [-119.202387380733, 46.1229036515436], [-119.202387380733, 46.0019981782173], [-119.183786538683, 45.8624918628408], [-119.183786538683, 45.6857838633639], [-119.220988222783, 45.5276767059372], [-119.295391590984, 45.3602691274854], [-119.369794959185, 45.2858657592846], [-119.490700432511, 45.1928615490336], [-119.602305484812, 45.1277586018579], [-119.713910537114, 45.0626556546822], [-119.806914747365, 44.9696514444312], [-119.927820220691, 44.8766472341802], [-120.058026115042, 44.6255358665026], [-120.132429483243, 44.4953299721512], [-120.244034535544, 44.3372228147245], [-120.402141692971, 44.2163173413982], [-120.541648008347, 44.1233131311472], [-120.625351797573, 44.0954118680719], [-120.774158533975, 44.104712289097], [-120.848561902176, 44.1326135521723], [-120.941566112427, 44.197716499348], [-121.034570322678, 44.3093215516492], [-121.090372848828, 44.3930253408751], [-121.211278322155, 44.4395274460006], [-121.285681690355, 44.3930253408751], [-121.360085058556, 44.38372491985], [-121.564694321108, 44.4395274460006], [-121.657698531359, 44.5325316562516], [-121.73210189956, 44.6534371295779], [-121.722801478535, 44.765042181879], [-121.657698531359, 44.8766472341802], [-121.583295163159, 45.0254539705818], [-121.573994742134, 45.1091577598077], [-121.611196426234, 45.1928615490336], [-121.648398110334, 45.2486640751842], [-121.685599794435, 45.3137670223599], [-121.67629937341, 45.4625737587615], [-121.592595584184, 45.5276767059372], [-121.443788847782, 45.6206809161882], [-121.322883374456, 45.6857838633639], [-121.183377059079, 45.7229855474643], [-121.025269901653, 45.7694876525898], [-120.867162744226, 45.7787880736149], [-120.662553481674, 45.8066893366902], [-120.485845482197, 45.8345905997655], [-120.299837061695, 45.9182943889914], [-120.197532430419, 46.0019981782173], [-120.113828125, 46.0857021484375]]]}, "properties": {"FID": 37, "Satellite": "GOES-EAST", "Start": "2026211 1500", "End_": "2026211 1700", "Density": "Medium", "Shape__Area": 59951440181.19531, "Shape__Length": 1046504.4361360779}}, {"type": "Feature", "id": 38, "geometry": {"type": "Polygon", "coordinates": [[[-119.702393410514, 45.772635305706], [-119.640883972352, 45.7535837098152], [-119.579374534191, 45.7056825544328], [-119.56957657059, 45.6643133747843], [-119.612034412861, 45.5570801064851], [-119.669359164487, 45.4962165284691], [-119.718961460525, 45.446614232432], [-119.787164617576, 45.3908116493902], [-119.923570931678, 45.2420047612787], [-119.973173227715, 45.1365998821997], [-119.997974375734, 44.9939932810929], [-120.022775523752, 44.8513866799861], [-120.072377819789, 44.6963795048699], [-120.128180402831, 44.5475726167585], [-120.214984420896, 44.4235668766656], [-120.301788438961, 44.3305625715959], [-120.388592457026, 44.2499588405355], [-120.512598197119, 44.2127571185076], [-120.642804224217, 44.206556831503], [-120.748209103296, 44.206556831503], [-120.853613982375, 44.2127571185076], [-120.946618287444, 44.2375582665262], [-121.014821444495, 44.311961710582], [-121.045822879518, 44.398765728647], [-121.045822879518, 44.4669688856981], [-121.027222018505, 44.5599731907677], [-121.014821444495, 44.6467772088328], [-120.990020296477, 44.7149803658839], [-120.934217713435, 44.7769832359303], [-120.878415130393, 44.8203852449628], [-120.84741369537, 44.8885884020139], [-120.816412260347, 44.9629918460697], [-120.804011686337, 45.0249947161161], [-120.791611112328, 45.0869975861626], [-120.760609677305, 45.1614010302183], [-120.723407955277, 45.2296041872694], [-120.686206233249, 45.2668059092973], [-120.630403650207, 45.3350090663484], [-120.518798484124, 45.4094125104041], [-120.431994466059, 45.4404139454273], [-120.345190447994, 45.5086171024784], [-120.270787003938, 45.6078216945527], [-120.221184707901, 45.6822251386085], [-120.183982985873, 45.7132265736317], [-120.103379254812, 45.7752294436781], [-119.997974375734, 45.7876300176874], [-119.837387575683, 45.7998518712642], [-119.702393410514, 45.772635305706]]]}, "properties": {"FID": 38, "Satellite": "GOES-EAST", "Start": "2026211 1500", "End_": "2026211 1700", "Density": "Medium", "Shape__Area": 21306006371.414062, "Shape__Length": 657530.3842458689}}, {"type": "Feature", "id": 39, "geometry": {"type": "Polygon", "coordinates": [[[-119.516384765625, 44.709310546875], [-119.477806172011, 44.687265508858], [-119.446575192548, 44.681754159541], [-119.419018445963, 44.690939741736], [-119.36941630211, 44.7093109061259], [-119.358393603476, 44.692776858175], [-119.362067836354, 44.656034529395], [-119.3877874665, 44.6101066184201], [-119.420855562402, 44.5715271732011], [-119.448412308987, 44.5366219608602], [-119.486991754206, 44.5072280978363], [-119.531082548742, 44.4759971183733], [-119.575173343278, 44.4355805567154], [-119.639472418642, 44.3841412964234], [-119.707445726885, 44.3418876183265], [-119.77174480225, 44.3271906868145], [-119.832369644737, 44.3235164539365], [-119.88197178859, 44.3308649196925], [-119.924225466687, 44.3565845498385], [-119.953619329711, 44.4006753443744], [-119.964642028345, 44.4374176731544], [-119.957293562589, 44.4741600019343], [-119.93708528176, 44.5090652142753], [-119.905854302297, 44.5421333101772], [-119.876460439273, 44.5641787074452], [-119.847066576249, 44.5807127553961], [-119.819509829664, 44.5898983375911], [-119.782767500884, 44.5972468033471], [-119.736839589909, 44.6174550841761], [-119.692748795373, 44.643174714322], [-119.667029165227, 44.667057228029], [-119.64314665152, 44.690939741736], [-119.617427021375, 44.7074737896869], [-119.580684692595, 44.7184964883209], [-119.542105247376, 44.7166593718819], [-119.516384765625, 44.709310546875]]]}, "properties": {"FID": 39, "Satellite": "GOES-EAST", "Start": "2026211 1500", "End_": "2026211 1700", "Density": "Medium", "Shape__Area": 2348466250, "Shape__Length": 201728.8397584868}}, {"type": "Feature", "id": 40, "geometry": {"type": "Polygon", "coordinates": [[[-119.284984375, 43.810521484375], [-119.259265721541, 43.7970490003409], [-119.240894559839, 43.7774530945254], [-119.226197630477, 43.7639809092772], [-119.205376980548, 43.748059235802], [-119.194354283527, 43.7309128182134], [-119.184556330619, 43.7113169123978], [-119.179657354165, 43.6721251007667], [-119.184556330619, 43.6476302184972], [-119.201702748208, 43.6268095685681], [-119.227422374591, 43.6096631509795], [-119.253142000974, 43.608438406866], [-119.278861627357, 43.6157868715469], [-119.298457533172, 43.6366075214759], [-119.313154462534, 43.6611024037454], [-119.329076136009, 43.6745745889936], [-119.356020506506, 43.6831477977879], [-119.381740132888, 43.6892715183553], [-119.401336038704, 43.7002942153765], [-119.411133991612, 43.7223396094191], [-119.407459759271, 43.7394860270077], [-119.397661806364, 43.7505087240289], [-119.384189621115, 43.7590819328233], [-119.369492691754, 43.7701046298445], [-119.362144227073, 43.7823520709793], [-119.352346274165, 43.7897005356601], [-119.342548321257, 43.7970490003409], [-119.330300880123, 43.8019479767948], [-119.310704974307, 43.8105211855891], [-119.284984375, 43.810521484375]]]}, "properties": {"FID": 40, "Satellite": "GOES-EAST", "Start": "2026211 1500", "End_": "2026211 1700", "Density": "Medium", "Shape__Area": 503751258.8515625, "Shape__Length": 87318.65395982625}}, {"type": "Feature", "id": 41, "geometry": {"type": "Polygon", "coordinates": [[[-114.85554296875, 46.8383955078125], [-114.657135160415, 46.7763932271726], [-114.38432328718, 46.7515921477876], [-114.247917350562, 46.7577924176338], [-114.123911953637, 46.7949940367114], [-114.055708985328, 46.8259953859427], [-113.950304397941, 46.8817978145591], [-113.875901159786, 46.8941983542517], [-113.7704965724, 46.8755975447129], [-113.658891715167, 46.8135948462502], [-113.609289556397, 46.7267910684025], [-113.55348712778, 46.5221821634758], [-113.547286857934, 46.3361740680879], [-113.522485778549, 46.1315651631612], [-113.466683349933, 45.9579576074658], [-113.441882270548, 45.821551670848], [-113.423281461009, 45.6293433056138], [-113.448082540394, 45.4929373689959], [-113.559687397627, 45.3565314323781], [-113.658891715167, 45.2759279243767], [-113.82009873117, 45.1767236068365], [-113.993706286865, 45.0899198289888], [-114.185914652099, 45.0217168606799], [-114.347121668102, 44.9597141622172], [-114.595132461953, 44.8977114637546], [-114.880344874881, 44.8109076859069], [-115.159357017963, 44.742704717598], [-115.382566732428, 44.6559009397503], [-115.642978065971, 44.4884936539012], [-115.791784542282, 44.3272866378983], [-115.921990209053, 44.1288780028178], [-116.014994256747, 43.9614707169687], [-116.107998304441, 43.8064639708121], [-116.269205320444, 43.6762583040405], [-116.480014495217, 43.5584531769615], [-116.666022590605, 43.5336520975765], [-116.852030685993, 43.546052637269], [-117.038038781381, 43.6080553357316], [-117.193045527538, 43.639056684963], [-117.335651734002, 43.639056684963], [-117.472057670619, 43.5708537166541], [-117.57126198816, 43.4344477800363], [-117.651865496161, 43.3414437323423], [-117.763470353394, 43.2856413037259], [-117.899876290012, 43.2918415735722], [-118.017681417091, 43.3786453514199], [-118.110685464785, 43.5150512880377], [-118.147887083862, 43.5956547960391], [-118.154087353708, 43.7010593834256], [-118.154087353708, 43.8064639708121], [-118.154087353708, 43.9366696375836], [-118.116885734631, 44.0668753043552], [-118.073483845707, 44.1970809711267], [-118.017681417091, 44.3458874474371], [-117.992880337706, 44.4326912252848], [-117.924677369397, 44.5008941935937], [-117.825473051856, 44.5814977015951], [-117.701467654931, 44.6621012095965], [-117.552661178621, 44.742704717598], [-117.410054972157, 44.835708765292], [-117.329451464155, 44.9163122732934], [-117.242647686308, 44.9907155114485], [-117.15584390846, 45.0837195591425], [-117.069040130612, 45.1643230671439], [-116.988436622611, 45.2511268449917], [-116.876831765378, 45.3503311625319], [-116.802428527223, 45.4185341308408], [-116.69082366999, 45.4991376388422], [-116.560618003219, 45.5735408769974], [-116.436612606293, 45.63554357546], [-116.306406939522, 45.6975462739227], [-116.182401542596, 45.7595489723853], [-116.052195875825, 45.8091511311554], [-115.909589669361, 45.8587532899255], [-115.791784542282, 45.9145557185419], [-115.686379954895, 45.9889589566971], [-115.580975367509, 46.0695624646985], [-115.5127723992, 46.1873675917775], [-115.475570780122, 46.2865719093178], [-115.419768351506, 46.4229778459356], [-115.370166192736, 46.5469832428609], [-115.301963224427, 46.6337870207086], [-115.221359716425, 46.7205907985563], [-115.115955129039, 46.7763932271726], [-114.979549192421, 46.8383959256353], [-114.85554296875, 46.8383955078125]]]}, "properties": {"FID": 41, "Satellite": "GOES-EAST", "Start": "2026211 1500", "End_": "2026211 1700", "Density": "Medium", "Shape__Area": 137514975190.07422, "Shape__Length": 1745313.9935737513}}, {"type": "Feature", "id": 42, "geometry": {"type": "Polygon", "coordinates": [[[-118.148576171875, 46.1232978515625], [-118.074172652849, 46.1150309688825], [-118.036971042448, 46.1108974566157], [-117.962567821646, 46.0943634075487], [-117.888164600845, 46.0488947726143], [-117.834428941377, 45.9744915518125], [-117.809627867776, 45.9124888678111], [-117.764159232842, 45.8463526715428], [-117.706290061107, 45.8174180856755], [-117.636020352572, 45.8008840366084], [-117.545083082703, 45.7884834998081], [-117.470679861901, 45.7512818894072], [-117.4210777147, 45.6892792054058], [-117.404543665633, 45.5818078864699], [-117.416944202433, 45.474336567534], [-117.450012300568, 45.4371349571331], [-117.512014984569, 45.3957998344655], [-117.54921659497, 45.3420641749976], [-117.574017668571, 45.2304593437949], [-117.615352791238, 45.1312550493926], [-117.67735547524, 45.0733858776579], [-117.739358159241, 45.0733858776579], [-117.805494355509, 45.0899199267249], [-117.879897576311, 45.1519226107264], [-117.917099186712, 45.2097917824611], [-117.95843430938, 45.2593939296623], [-118.003902944314, 45.3379306627308], [-118.070039140582, 45.4082003712658], [-118.127908312317, 45.4495354939334], [-118.202311533119, 45.4908706166011], [-118.289115290721, 45.5074046656681], [-118.363518511523, 45.5322057392687], [-118.421387683257, 45.5900749110034], [-118.462722805925, 45.6644781318052], [-118.466856318192, 45.7264808158067], [-118.446188756858, 45.7843499875414], [-118.425521195524, 45.8215515979422], [-118.367652023789, 45.8587532083431], [-118.309782852055, 45.9083553555443], [-118.280848266187, 45.9538239904787], [-118.268447729387, 46.0075596499466], [-118.25191368032, 46.036494235814], [-118.222979094453, 46.0860963830152], [-118.189910996318, 46.1108974566157], [-118.148576171875, 46.1232978515625]]]}, "properties": {"FID": 42, "Satellite": "GOES-EAST", "Start": "2026211 1500", "End_": "2026211 1700", "Density": "Medium", "Shape__Area": 11116275368.039062, "Shape__Length": 443386.54996809905}}, {"type": "Feature", "id": 43, "geometry": {"type": "Polygon", "coordinates": [[[-113.11299609375, 48.003310546875], [-113.076253702207, 47.9867768913772], [-113.048696925587, 47.9849397729359], [-113.022977267408, 47.9775912991705], [-113.008280319877, 47.9702428254051], [-112.99909472767, 47.9518716409917], [-112.997257609229, 47.9298262196955], [-112.99909472767, 47.9096179168408], [-113.010117438318, 47.8967580877514], [-113.024814385849, 47.889409613986], [-113.048696925587, 47.883898258662], [-113.068905228441, 47.8783869033379], [-113.090950649737, 47.8692013111312], [-113.10748471571, 47.8526672451591], [-113.118507426358, 47.8342960607456], [-113.129530137006, 47.8195991132149], [-113.149738439861, 47.7993908103601], [-113.175458098039, 47.782856744388], [-113.20301487466, 47.7718340337399], [-113.236083006604, 47.7663226784159], [-113.256291309459, 47.7663226784159], [-113.269151138548, 47.7755082706226], [-113.28568520452, 47.7975536919187], [-113.298545033609, 47.8195991132149], [-113.307730625816, 47.8379702976283], [-113.322427573347, 47.8673641926899], [-113.331613165554, 47.9041065615167], [-113.342635876202, 47.9445231672263], [-113.348147231526, 47.9757541807292], [-113.34079875776, 47.9941253651426], [-113.329776047112, 48.0033109573493], [-113.304056388933, 48.006985194232], [-113.278336730755, 48.0051480757907], [-113.256291309459, 47.9941253651426], [-113.225060295956, 47.9812655360532], [-113.195666400894, 47.9739170622878], [-113.168109624274, 47.9775912991705], [-113.147901321419, 47.9941253651426], [-113.127693018564, 48.001473838908], [-113.11299609375, 48.003310546875]]]}, "properties": {"FID": 43, "Satellite": "GOES-EAST", "Start": "2026211 1500", "End_": "2026211 1700", "Density": "Medium", "Shape__Area": 1023121639.4921875, "Shape__Length": 132149.38499752295}}, {"type": "Feature", "id": 44, "geometry": {"type": "Polygon", "coordinates": [[[-114.88583203125, 48.5894765625], [-114.849088961377, 48.5931509724634], [-114.827043564109, 48.6023365546584], [-114.738861975037, 48.6317304176823], [-114.665377317477, 48.6592871642673], [-114.591892659917, 48.6794954450963], [-114.527593584552, 48.7033779588032], [-114.463294509187, 48.7290975889492], [-114.398995433822, 48.7584914519731], [-114.281419981727, 48.8025822465091], [-114.231817837874, 48.826464760216], [-114.180378577582, 48.852184390362], [-114.134450666607, 48.872392671191], [-114.086685639193, 48.872392671191], [-114.044431961096, 48.85585862324], [-114.011363865194, 48.831976109533], [-113.985644235048, 48.7878853149971], [-113.983807118609, 48.7493058697781], [-113.989318467926, 48.7125635409982], [-114.009526748755, 48.6905181437302], [-114.042594844657, 48.6739840957793], [-114.084848522754, 48.6647985135843], [-114.134450666607, 48.6556129313893], [-114.176704344704, 48.6464273491943], [-114.222632255679, 48.6372417669993], [-114.285094214604, 48.6225448354874], [-114.343881940652, 48.6078479039754], [-114.404506783139, 48.5931509724634], [-114.465131625626, 48.5802911573904], [-114.523919351674, 48.5674313423175], [-114.560661680454, 48.5582457601225], [-114.601078242112, 48.5453859450495], [-114.64149480377, 48.5343632464155], [-114.687422714745, 48.5196663149035], [-114.729676392842, 48.5086436162695], [-114.779278536695, 48.4902724518796], [-114.816020865475, 48.4755755203676], [-114.852763194255, 48.4700641710506], [-114.891342639474, 48.4682270546116], [-114.929922084692, 48.4737384039286], [-114.95196748196, 48.4829239861236], [-114.97033864635, 48.5123178491475], [-114.97033864635, 48.5343632464155], [-114.964827297033, 48.5582457601225], [-114.948293249082, 48.5729426916344], [-114.922573618936, 48.5839653902684], [-114.902365338108, 48.5894767395854], [-114.88583203125, 48.5894765625]]]}, "properties": {"FID": 44, "Satellite": "GOES-EAST", "Start": "2026211 1500", "End_": "2026211 1700", "Density": "Medium", "Shape__Area": 2811099749.640625, "Shape__Length": 275047.90642683906}}, {"type": "Feature", "id": 45, "geometry": {"type": "Polygon", "coordinates": [[[-116.527072265625, 49.129283203125], [-116.516457832443, 49.1121368542585], [-116.510742358509, 49.1007059063908], [-116.50176089947, 49.0843759808654], [-116.489513455326, 49.0615140851299], [-116.487880462774, 49.046817152157], [-116.489513455326, 49.0304872266317], [-116.497678418089, 49.0125243085537], [-116.505843380852, 48.9970108793046], [-116.516457832443, 48.9831304426081], [-116.527888780311, 48.9627180357014], [-116.540952720731, 48.9447551176234], [-116.558915638809, 48.9308746809269], [-116.574429068058, 48.9243427107167], [-116.594024978689, 48.925159206993], [-116.609538407938, 48.9341406660319], [-116.624235340911, 48.9545530729387], [-116.625868333463, 48.970882998464], [-116.620969355806, 48.9823139463318], [-116.609538407938, 48.9904789090945], [-116.592391986136, 49.0027263532385], [-116.583410527097, 49.0182397824876], [-116.580961038268, 49.0362027005655], [-116.581777534545, 49.0541656186435], [-116.587493008478, 49.0696790478925], [-116.594024978689, 49.0819264920366], [-116.597290963794, 49.1023388989433], [-116.594024978689, 49.1203018170212], [-116.586676512202, 49.1349987499941], [-116.567897097848, 49.1366317425466], [-116.544218705836, 49.1349987499941], [-116.527072265625, 49.129283203125]]]}, "properties": {"FID": 45, "Satellite": "GOES-EAST", "Start": "2026211 1500", "End_": "2026211 1700", "Density": "Medium", "Shape__Area": 342249154.078125, "Shape__Length": 86093.57338371706}}, {"type": "Feature", "id": 46, "geometry": {"type": "Polygon", "coordinates": [[[-118.322947265625, 50.0432099609375], [-118.30702537089, 50.0321869150659], [-118.27763149769, 50.0211642126158], [-118.249462369206, 50.0076920207324], [-118.238439666756, 49.9954445735657], [-118.23721492204, 49.9782981475323], [-118.24823762449, 49.9709496792323], [-118.26660879524, 49.972174423949], [-118.282530476557, 49.975848658099], [-118.297227413157, 49.9807476369657], [-118.31437383919, 49.9844218711157], [-118.335194499373, 49.9942198288491], [-118.356015159557, 50.0064672760158], [-118.38051005389, 50.0236137020492], [-118.408679182374, 50.0481085963826], [-118.430724587274, 50.068929256566], [-118.440522545007, 50.1056715980661], [-118.42827509784, 50.1179190452328], [-118.401330714074, 50.1056715980661], [-118.374386330307, 50.083626193166], [-118.35111618069, 50.0640302776993], [-118.322947265625, 50.0432099609375]]]}, "properties": {"FID": 46, "Satellite": "GOES-EAST", "Start": "2026211 1500", "End_": "2026211 1700", "Density": "Medium", "Shape__Area": 202127394.5625, "Shape__Length": 71562.00838002049}}, {"type": "Feature", "id": 47, "geometry": {"type": "Polygon", "coordinates": [[[-118.8665546875, 55.9073327636719], [-117.129703778779, 55.5934442312814], [-116.920444709108, 55.5306665103801], [-116.418222941897, 55.3841851616104], [-115.267298058706, 54.8191856734984], [-114.66044675666, 54.547148882926], [-114.116373175515, 54.1704825575181], [-113.467670059535, 53.5636312554719], [-113.091003734127, 53.0823353952284], [-112.714337408719, 52.5591877210507], [-112.379522897245, 52.1406695817086], [-111.835449316101, 51.7640032563006], [-111.061190758318, 51.4919664657282], [-110.224154479633, 51.2408555821229], [-109.617303177587, 51.1153001403203], [-109.073229596442, 51.0943742333532], [-108.487304201363, 51.0106706054847], [-108.068786062021, 50.8223374427807], [-107.838601085383, 50.5084488382741], [-107.85952699235, 49.6714125595898], [-107.943230620218, 49.0645612575437], [-108.068786062021, 48.4786358624646], [-108.382674666528, 48.1019695370567], [-108.822118712837, 47.6834513977145], [-109.198785038245, 47.4114146071421], [-109.638229084554, 47.2440073514052], [-110.266006293567, 47.2230814444381], [-110.872857595614, 47.2858591653395], [-111.500634804627, 47.3486368862408], [-111.919152943969, 47.4323405141092], [-112.379522897245, 47.4951182350105], [-113.153781455028, 47.2858591653395], [-113.363040524699, 46.8673410259973], [-113.383966431667, 46.5743783284578], [-113.300262803798, 46.2814156309183], [-112.77711512962, 45.5280829801024], [-112.463226525114, 44.8584539571549], [-112.463226525114, 44.3980840038785], [-112.588781966916, 43.3099368415889], [-112.965448292324, 42.8286409813454], [-113.676929129206, 42.5356782838059], [-114.221002710351, 42.4519746559374], [-115.351001686575, 42.4310487489703], [-115.811371639851, 42.2636414932335], [-116.418222941897, 41.9706787956939], [-116.962296523042, 41.78234563299], [-117.63192554599, 41.6567901911873], [-118.217850941069, 41.594012470286], [-118.92933177795, 41.7614197260229], [-119.347849917292, 41.8869751678255], [-119.745442149668, 42.1590119583979], [-120.101182568108, 42.4938264698717], [-120.456922986549, 42.8495668883125], [-120.791737498023, 43.1843813997862], [-121.084700195562, 43.6656772600297], [-121.356736986135, 44.0632694924048], [-121.545070148839, 44.3771580969114], [-121.670625590641, 44.691046701418], [-121.649699683674, 45.0049353059247], [-121.545070148839, 45.2978980034642], [-121.377662893102, 45.4862311661681], [-121.021922474661, 45.7582679567406], [-120.603404335319, 46.0721565612472], [-120.289515730812, 46.3232674448525], [-120.226738009911, 46.5325265145236], [-120.268589823845, 46.9091928399315], [-120.540626614418, 47.3067850723066], [-120.875441125891, 47.5160441419776], [-121.168403823431, 47.6834513977145], [-121.335811079168, 47.8717845604185], [-121.46136652097, 48.1856731649251], [-121.503218334905, 48.5623394903331], [-121.649699683674, 48.7925244669712], [-121.90081056728, 48.9808576296752], [-122.235625078753, 49.1482648854121], [-122.633217311128, 49.3365980481161], [-123.030809543504, 49.52493121082], [-123.240068613175, 49.713264373524], [-123.407475868911, 50.5084488382741], [-123.302846334076, 51.0315965124518], [-123.093587264405, 51.5128923726953], [-122.758772752931, 51.9732623259717], [-122.465810055392, 52.3917804653139], [-122.235625078753, 52.8521504185903], [-122.130995543918, 53.4380758136693], [-122.068217823017, 53.9193716739128], [-121.984514195148, 54.3169639062878], [-121.775255125477, 54.6936302316958], [-121.482292427938, 55.0912224640708], [-121.10562610253, 55.4051110685775], [-120.645256149253, 55.6562219521827], [-120.268589823845, 55.886406928821], [-119.954701219339, 55.9701105566894], [-119.536183079996, 55.9701105566894], [-118.8665546875, 55.9073327636719]]]}, "properties": {"FID": 47, "Satellite": "GOES-EAST", "Start": "2026211 1500", "End_": "2026211 1700", "Density": "Medium", "Shape__Area": 2573070672376.8164, "Shape__Length": 7101436.664231959}}, {"type": "Feature", "id": 48, "geometry": {"type": "Polygon", "coordinates": [[[-122.52669921875, 62.8043996582031], [-122.488120522616, 62.7823543585196], [-122.460563769364, 62.7465305792911], [-122.424739990135, 62.6996840987616], [-122.397183236882, 62.6528376182321], [-122.36962648363, 62.5949684364015], [-122.361359457654, 62.5426106052214], [-122.358603782329, 62.4930084493666], [-122.358603782329, 62.435139267536], [-122.366870808305, 62.3993154883076], [-122.380649184931, 62.3579803584286], [-122.402694587533, 62.3249122545254], [-122.455052418713, 62.3056225272485], [-122.493631873267, 62.300111176598], [-122.548745379772, 62.3028668519232], [-122.590080509651, 62.3138895532243], [-122.628659964205, 62.3331792805012], [-122.669995094084, 62.3745144103802], [-122.700307522662, 62.4075825142834], [-122.73613130189, 62.4489176441624], [-122.785733457745, 62.465451696114], [-122.846358314901, 62.4874970987161], [-122.912494522707, 62.5260765532698], [-122.964852353887, 62.5646560078235], [-123.008943159092, 62.6059911377026], [-123.047522613645, 62.6666159948584], [-123.061300990272, 62.7134624753879], [-123.069568016248, 62.8319565143744], [-123.064056665597, 62.9008483975061], [-123.055789639621, 62.9504505533609], [-123.033744237019, 63.0055640598662], [-123.003431808441, 63.0358764884441], [-122.959341003237, 63.0441435144199], [-122.926272899334, 63.0413878390946], [-122.821557236974, 62.9697402806377], [-122.780222107095, 62.9366721767345], [-122.719597249939, 62.8953370468555], [-122.664483743433, 62.8622689429523], [-122.617637262904, 62.8374678650249], [-122.565279431724, 62.8236894883986], [-122.52669921875, 62.8043996582031]]]}, "properties": {"FID": 48, "Satellite": "GOES-EAST", "Start": "2026211 1500", "End_": "2026211 1700", "Density": "Medium", "Shape__Area": 8641031732.242188, "Shape__Length": 418570.722085925}}, {"type": "Feature", "id": 49, "geometry": {"type": "Polygon", "coordinates": [[[-122.48812109375, 61.8316463623047], [-122.47985349664, 61.7930669167489], [-122.47985349664, 61.7682658388215], [-122.488120522616, 61.7489761115447], [-122.504654574568, 61.7379534102436], [-122.521188626519, 61.7351977349184], [-122.545989704447, 61.7462204362194], [-122.568035107049, 61.7544874621952], [-122.590080509651, 61.7820442154479], [-122.614881587579, 61.80408961805], [-122.658972392783, 61.8509360985795], [-122.689284821361, 61.8840042024827], [-122.725108600589, 61.9253393323617], [-122.755421029167, 61.9556517609397], [-122.78848913307, 61.9804528388671], [-122.8353356136, 62.010765267445], [-122.884937769455, 62.0328106700471], [-122.942806951285, 62.0686344492756], [-122.989653431815, 62.1099695791546], [-123.025477211043, 62.1595717350094], [-123.050278288971, 62.2119295661895], [-123.066812340922, 62.26979874802], [-123.069568016248, 62.3138895532243], [-123.09161341885, 62.4103381896086], [-123.121925847428, 62.4544289948129], [-123.146726925355, 62.4874970987161], [-123.163260977307, 62.5122981766435], [-123.185306379909, 62.5674116831488], [-123.193573405885, 62.6087468130278], [-123.19632908121, 62.6445705922563], [-123.188062055234, 62.6996840987616], [-123.171528003282, 62.7520419299417], [-123.130192873403, 62.7740873325438], [-123.083346392874, 62.7740873325438], [-123.036499912344, 62.7713316572185], [-122.98689775649, 62.7410192286406], [-122.953829652586, 62.6969284234363], [-122.931784249984, 62.6500819429068], [-122.898716146081, 62.5922127610762], [-122.873915068154, 62.5370992545709], [-122.860136691527, 62.4957641246919], [-122.851869665551, 62.465451696114], [-122.843602639576, 62.4213608909097], [-122.813290210998, 62.3469576571275], [-122.785733457745, 62.2890884752969], [-122.755421029167, 62.2422419947674], [-122.719597249939, 62.2064182155389], [-122.67826212006, 62.1650830856599], [-122.642438340831, 62.1237479557809], [-122.598347535627, 62.0603674232998], [-122.559768081073, 61.9776971635418], [-122.532211327821, 61.9170723063859], [-122.501898899243, 61.8647144752059], [-122.48812109375, 61.8316463623047]]]}, "properties": {"FID": 49, "Satellite": "GOES-EAST", "Start": "2026211 1500", "End_": "2026211 1700", "Density": "Medium", "Shape__Area": 6972372412.4609375, "Shape__Length": 538409.0695883434}}, {"type": "Feature", "id": 50, "geometry": {"type": "Polygon", "coordinates": [[[-121.190197265625, 62.2615317382812], [-121.07721475608, 62.1816171376115], [-121.011078548273, 62.1402820077325], [-120.955965041768, 62.0961912025283], [-120.917385587214, 62.0548560726493], [-120.881561807986, 61.9969868908187], [-120.870539106685, 61.9391177089881], [-120.887073158636, 61.9088052804101], [-120.92014126254, 61.8950269037838], [-121.013834223599, 61.9088052804101], [-121.08272610673, 61.9225836570365], [-121.143350963886, 61.9253393323617], [-121.253577976897, 61.9115609557354], [-121.2866460808, 61.8784928518322], [-121.322469860029, 61.8151123193511], [-121.374827691209, 61.7572431375205], [-121.407895795112, 61.7131523323162], [-121.454742275641, 61.6745728777625], [-121.507100106821, 61.6470161245098], [-121.575991989953, 61.6497717998351], [-121.650395223735, 61.6883512543888], [-121.708264405566, 61.7159080076415], [-121.755110886095, 61.75173178687], [-121.796446015974, 61.7847998907731], [-121.840536821179, 61.8151123193511], [-121.898406003009, 61.8426690726037], [-121.981076262767, 61.8592031245553], [-122.049968145899, 61.875737176507], [-122.110593003055, 61.886759877808], [-122.168462184885, 61.9088052804101], [-122.220820016065, 61.928095007687], [-122.278689197896, 61.9501404102891], [-122.344825405702, 61.9639187869155], [-122.493631873267, 62.0300549947219], [-122.548745379772, 62.0658787739503], [-122.590080509651, 62.1072139038293], [-122.612125912253, 62.1540603843589], [-122.609370236928, 62.2064182155389], [-122.568035107049, 62.2422419947674], [-122.507410249893, 62.2670430726948], [-122.402694587533, 62.2725544233453], [-122.311757301799, 62.2808214493211], [-122.220820016065, 62.2835771246464], [-122.146416782283, 62.2890884752969], [-122.085791925127, 62.300111176598], [-122.036189769273, 62.3194009038749], [-121.970053561466, 62.3717587350549], [-121.887383301708, 62.4268722415602], [-121.824002769227, 62.4599403454634], [-121.733065483493, 62.4709630467645], [-121.642128197759, 62.4626960207887], [-121.559457938001, 62.4434062935118], [-121.468520652268, 62.4048268389581], [-121.374827691209, 62.3607360337538], [-121.297668782101, 62.3194009038749], [-121.190197265625, 62.2615317382812]]]}, "properties": {"FID": 50, "Satellite": "GOES-EAST", "Start": "2026211 1500", "End_": "2026211 1700", "Density": "Medium", "Shape__Area": 20650587626.515625, "Shape__Length": 604170.944073698}}, {"type": "Feature", "id": 51, "geometry": {"type": "Polygon", "coordinates": [[[-111.030537109375, 62.9405476074219], [-110.956133275214, 62.8537438651716], [-110.902397570722, 62.7834740977581], [-110.87346296061, 62.7214713618051], [-110.86519592915, 62.6842697202333], [-110.86519592915, 62.6470680786615], [-110.877596476341, 62.6264005000105], [-110.923065149373, 62.6181334685501], [-110.985067885326, 62.6264005000105], [-111.088405778581, 62.6636021415823], [-111.162809061725, 62.7090708146145], [-111.245479376329, 62.7545394876467], [-111.336416722393, 62.7834740977581], [-111.423220552727, 62.8289427707904], [-111.534825477443, 62.8744114438226], [-111.625762823507, 62.9157466011246], [-111.720833685302, 62.9488147269662], [-111.832438610017, 62.986016368538], [-111.939910019002, 63.0273515258401], [-112.047381427988, 63.0480191044911], [-112.146585805513, 63.0562861359515], [-112.340861044832, 63.0686866831421], [-112.440065422357, 63.0604196516817], [-112.522735736961, 63.0438855887609], [-112.605406051565, 63.0438855887609], [-112.679809334709, 63.0397520730307], [-112.758346133582, 63.0356185573005], [-112.836882932456, 63.0438855887609], [-112.890618636949, 63.0645531674119], [-112.90715269987, 63.0769537146025], [-112.931953794251, 63.1058883247139], [-112.927820278521, 63.1348229348253], [-112.9112862156, 63.1637575449367], [-112.869951058298, 63.2009591865086], [-112.807948322345, 63.2216267651596], [-112.737678554931, 63.2422943438106], [-112.663275271788, 63.2546948910012], [-112.543403315612, 63.2753624696522], [-112.448332453817, 63.2753624696522], [-112.349128076292, 63.2753624696522], [-112.229256120117, 63.2753624696522], [-112.105250648211, 63.2588284067314], [-111.944043534733, 63.2464278595408], [-111.650563917888, 63.1885586393179], [-111.555493056094, 63.1637575449367], [-111.439754615648, 63.1306894190951], [-111.336416722393, 63.0893542617931], [-111.212411250487, 63.0438855887609], [-111.109073357232, 62.9901498842682], [-111.030537109375, 62.9405476074219]]]}, "properties": {"FID": 51, "Satellite": "GOES-EAST", "Start": "2026211 1500", "End_": "2026211 1700", "Density": "Medium", "Shape__Area": 13366243512.21875, "Shape__Length": 621244.420099193}}, {"type": "Feature", "id": 52, "geometry": {"type": "Polygon", "coordinates": [[[-110.31285546875, 63.629294921875], [-110.137524568642, 63.6025416583976], [-110.043142944225, 63.57349242928], [-109.81063259043, 63.4432866311551], [-109.661825964002, 63.3502824896373], [-109.485118095118, 63.2386775198159], [-109.299109812082, 63.108471721691], [-109.038698215833, 62.9503646811108], [-108.796887447886, 62.7922576405305], [-108.592278336547, 62.7178543273163], [-108.378368811056, 62.6806526707092], [-108.210961356324, 62.6527514282538], [-107.97845100253, 62.5876485291914], [-107.801743133646, 62.3644385895487], [-107.71803940628, 62.1691298923613], [-107.708738992128, 61.9924220234775], [-107.71803940628, 61.759911669683], [-107.764541477039, 61.5460021441921], [-107.866846032708, 61.3413930328529], [-107.950549760074, 61.1739855781209], [-108.080755558199, 60.96007605263], [-108.173759699717, 60.7554669412908], [-108.229562184628, 60.5229565874963], [-108.23886259878, 60.3183474761572], [-108.23886259878, 60.1323391931216], [-108.23886259878, 59.9649317383896], [-108.257463427083, 59.7882238695058], [-108.285364669538, 59.4720097883452], [-108.359767982753, 59.313902747765], [-108.471372952574, 59.1836969496401], [-108.685282478065, 59.0627915656669], [-108.871290761101, 59.0069890807563], [-109.141002771502, 58.9976886666045], [-109.3921139536, 58.9976886666045], [-109.643225135698, 58.9883882524527], [-109.931537974403, 59.0255899090598], [-110.145447499894, 59.0720919798187], [-110.359357025385, 59.1278944647294], [-110.517464065966, 59.2115981920954], [-110.703472349001, 59.313902747765], [-110.815077318822, 59.4999110308006], [-110.833678147126, 59.6394172430773], [-110.796476490519, 60.030034637452], [-110.740674005608, 60.2160429204876], [-110.666270692394, 60.327647890309], [-110.563966136724, 60.4392528601303], [-110.405859096144, 60.5415574157999], [-110.284953712171, 60.6810636280766], [-110.154747914046, 60.8391706686569], [-110.015241701769, 61.0623806082995], [-109.903636731948, 61.2855905479423], [-109.857134661189, 61.4808992451296], [-109.847834247037, 61.7227100130759], [-109.857134661189, 61.9459199527186], [-109.894336317796, 62.2156319631202], [-109.968739631011, 62.3830394178522], [-110.07104418668, 62.5225456301289], [-110.219850813108, 62.6341505999503], [-110.396558681992, 62.773656812227], [-110.526764480117, 62.8759613678966], [-110.684871520698, 63.0526692367804], [-110.74997441976, 63.2014758632088], [-110.74997441976, 63.322381247182], [-110.722073177305, 63.4804882877622], [-110.675571106546, 63.5641920151282], [-110.59186737918, 63.6013936717353], [-110.405859096144, 63.6292949141907], [-110.31285546875, 63.629294921875]]]}, "properties": {"FID": 52, "Satellite": "GOES-EAST", "Start": "2026211 1500", "End_": "2026211 1700", "Density": "Medium", "Shape__Area": 238882413879.27344, "Shape__Length": 2536939.2002346483}}, {"type": "Feature", "id": 53, "geometry": {"type": "Polygon", "coordinates": [[[-108.25172265625, 63.49828515625], [-108.235188689827, 63.5175749747558], [-108.22967733495, 63.5203306521942], [-108.196609205689, 63.5451317491404], [-108.180075141058, 63.5423760717019], [-108.169052431304, 63.5258420070711], [-108.155274044112, 63.4734841357404], [-108.155274044112, 63.4238819418481], [-108.163541076427, 63.3825467802712], [-108.180075141058, 63.3357002638174], [-108.202120560565, 63.2805867150482], [-108.235188689827, 63.2282288437174], [-108.279279528842, 63.1758709723867], [-108.317859012981, 63.1372914882483], [-108.361949851996, 63.0959563266714], [-108.40879636845, 63.0573768425329], [-108.458398562342, 63.0270643907099], [-108.499733723919, 63.0105303260791], [-108.596182434265, 62.9747065193791], [-108.632006240965, 62.9581724547484], [-108.676097079981, 62.9471497449945], [-108.706409531804, 62.9471497449945], [-108.733966306188, 62.9554167773099], [-108.747744693381, 62.9829735516945], [-108.744989015942, 63.0050189712022], [-108.722943596434, 63.0243087132714], [-108.692631144611, 63.0408427779022], [-108.626494886088, 63.0628881974098], [-108.585159724511, 63.0739109071637], [-108.546580240373, 63.0932006492329], [-108.499733723919, 63.118001746179], [-108.455642884904, 63.159336907756], [-108.406040691011, 63.2034277467713], [-108.364705529435, 63.2475185857867], [-108.328881722735, 63.2860980699251], [-108.306836303227, 63.3412116186943], [-108.284790883719, 63.3880581351481], [-108.268256819088, 63.4541943936712], [-108.25172265625, 63.49828515625]]]}, "properties": {"FID": 53, "Satellite": "GOES-EAST", "Start": "2026211 1500", "End_": "2026211 1700", "Density": "Medium", "Shape__Area": 2377037529.890625, "Shape__Length": 339484.54083575256}}, {"type": "Feature", "id": 54, "geometry": {"type": "Polygon", "coordinates": [[[-106.074909179687, 62.7870336914063], [-105.99009601563, 62.7717243064934], [-105.907629807719, 62.7651923296292], [-105.834247126412, 62.7686624575111], [-105.768110861946, 62.7796851682554], [-105.703811715938, 62.7943821159144], [-105.641349688387, 62.7980563528292], [-105.571539187007, 62.7907078789996], [-105.499891567169, 62.7851965236275], [-105.430081065788, 62.7686624575111], [-105.389664459726, 62.7300829699061], [-105.37313039361, 62.685992126929], [-105.376804630524, 62.6474126393241], [-105.411709881215, 62.6235300993781], [-105.48519461951, 62.6216929809208], [-105.549493765518, 62.6216929809208], [-105.613792911526, 62.6290414547503], [-105.663395109875, 62.632715691665], [-105.736879848171, 62.6419012839519], [-105.799341875722, 62.6510868762388], [-105.8562925479, 62.656598231611], [-105.907731864707, 62.6547611131536], [-105.955496944599, 62.6437384024093], [-105.990402195289, 62.632715691665], [-106.023470327522, 62.6143445070913], [-106.063886933584, 62.6106702701765], [-106.104303539646, 62.6088331517191], [-106.131860316507, 62.6198558624634], [-106.152068619538, 62.6584353500683], [-106.16492844874, 62.6951777192159], [-106.17227692257, 62.7208973776192], [-106.170439804112, 62.7502912729373], [-106.155742856453, 62.7686624575111], [-106.139208790337, 62.7815222867128], [-106.106140658104, 62.7870336420849], [-106.074909179687, 62.7870336914063]]]}, "properties": {"FID": 54, "Satellite": "GOES-EAST", "Start": "2026211 1500", "End_": "2026211 1700", "Density": "Medium", "Shape__Area": 3085604769.84375, "Shape__Length": 246726.77489919035}}, {"type": "Feature", "id": 55, "geometry": {"type": "Polygon", "coordinates": [[[-117.09284765625, 41.914478515625], [-117.437096384957, 42.0663525430512], [-117.685158377774, 42.1119149498951], [-117.928157880942, 42.0410400948045], [-118.196469832356, 41.9448527914673], [-118.667281369744, 41.7676656537409], [-119.168467845027, 41.6157909642611], [-119.538029589428, 41.6157909642611], [-119.770904113297, 41.8081655709355], [-120.27209058858, 42.1676023360377], [-120.631527353683, 42.4308517978026], [-120.756824005926, 42.5974920891911], [-120.87157377036, 42.8776165141331], [-120.841198832716, 43.2117408282206], [-120.844573825788, 43.5492401353796], [-120.905323701076, 43.8023646157489], [-120.935698638721, 43.9643642831852], [-121.060573382369, 44.1466139090511], [-121.151698195302, 44.2951136042012], [-121.350822786526, 44.4571132716375], [-121.499322481676, 44.5583630637851], [-121.610697253039, 44.6494878767182], [-121.668072135256, 44.8069876072895], [-121.668072135256, 44.887987489515], [-121.659072148342, 44.9404874131797], [-121.620072205048, 44.9854873477494], [-121.566072283564, 45.0109873106723], [-121.51207236208, 45.0259872888623], [-121.474572416606, 45.063487234337], [-121.473072418787, 45.1144871601827], [-121.49857238171, 45.1879870533133], [-121.540572320641, 45.247986966073], [-121.588572250849, 45.2959868962808], [-121.645572167971, 45.3289868482985], [-121.702572085092, 45.3664867937734], [-121.732572041472, 45.4099867305241], [-121.73557203711, 45.4429866825419], [-121.728072048015, 45.4699866432838], [-121.687572106902, 45.4939866083877], [-121.635072183238, 45.5119865822155], [-121.395447517924, 45.7279862812265], [-121.279010179706, 45.7786112108864], [-121.02082303844, 45.9001110420704], [-120.737323432344, 45.9912359154584], [-120.458886319214, 46.0924857747785], [-120.215886656846, 46.3152354652824], [-119.450184317361, 46.8607202549013], [-119.217309505989, 47.0176576277822], [-118.913559752026, 47.1695325047637], [-118.457935121082, 47.437844787431], [-118.194685334314, 47.5795946726137], [-117.880810588552, 47.782094508589], [-117.617560801784, 47.9744693527656], [-117.253061097029, 48.1567192051435], [-116.691124052197, 48.6174063319873], [-116.432936761328, 48.75915621717], [-116.098812031969, 48.8755936228559], [-115.719124839516, 48.9312810777491], [-115.430562573251, 48.9819060367429], [-115.172375282382, 49.0122810121392], [-114.747125626834, 49.0578434752337], [-114.499063327764, 49.1337809137244], [-114.321875971286, 49.260343311209], [-114.220626053298, 49.4527181553855], [-114.190251077902, 49.5894055446689], [-114.159876102505, 49.7868428847448], [-114.245938532795, 49.9589677453239], [-114.549688286758, 50.0855301428085], [-114.787625594029, 50.0956551346072], [-115.258437712672, 49.9539052494245], [-115.531812491238, 49.8273428519399], [-115.820374757503, 49.7007804544553], [-116.215249437655, 49.3312182538003], [-116.680999060398, 49.1995933604164], [-116.974623822563, 49.1337809137244], [-117.222686121632, 49.0426559875355], [-117.455560933004, 48.9110310941515], [-117.622623297684, 48.8097811761639], [-117.82006063776, 48.6579062991824], [-117.921310555747, 48.5110939181003], [-118.022560473735, 48.2073441641373], [-118.073185432729, 48.1060942461496], [-118.214935317911, 47.9694068568663], [-118.366810194893, 47.8985319142749], [-118.589560014466, 47.8833444265767], [-118.792059850441, 47.8985319142749], [-118.974309702819, 47.9795318486651], [-119.247684481386, 48.0048443281619], [-119.531184251751, 47.9238443937718], [-120.163996239174, 47.6049071521107], [-120.386746058747, 47.5188447218211], [-120.584183398823, 47.5340322095193], [-120.847433185591, 47.675782094702], [-120.973995583075, 47.7770320126897], [-121.014495550271, 47.9694068568663], [-121.004370558472, 48.1972191723385], [-120.963870591277, 48.3997190083138], [-120.999308062572, 48.5465313893959], [-121.135995451856, 48.6427188114843], [-121.257495353441, 48.7389062335725], [-121.34862027963, 48.9009061023528], [-121.399245238624, 49.1844058727182], [-121.399245238624, 49.3615932291967], [-121.619463860921, 49.8070930155234], [-121.763745076277, 50.0349054608235], [-122.135838736934, 50.6044365740737], [-122.462369908531, 50.8854052566104], [-122.606651123888, 51.1663739391472], [-122.561088634828, 51.4853113625673], [-122.295307448644, 51.7510925487507], [-121.847276306221, 51.9561237495208], [-121.566307623684, 51.9713112458741], [-120.738589072427, 51.9940924904041], [-119.766589305814, 52.1535612021142], [-119.553964356867, 52.1611549502908], [-119.037589480853, 52.1231862094075], [-116.786043072799, 51.9333425183857], [-115.886183838278, 52.2067174757083], [-115.38499641652, 52.4231393169222], [-114.24427721875, 53.1162939637244], [-113.289015676357, 53.3352080671894], [-111.925777850234, 53.4645664010552], [-110.691898357976, 53.5541221706545], [-109.24905540332, 53.3650599903892], [-108.144534244928, 53.1759978101239], [-106.960407958003, 52.658564474661], [-105.726528465745, 51.772957419734], [-103.875709227358, 51.3550304949371], [-102.059191023381, 51.7108878118674], [-101.261839264295, 52.3487692191363], [-100.361970850469, 53.0777765417293], [-99.3254135636573, 53.6473135125051], [-98.4597173680781, 53.8523468219843], [-97.7421007849006, 54.2624134409429], [-97.0928286382162, 54.5471819263308], [-96.181569484975, 54.6383078416549], [-94.9285881492683, 54.5585726657463], [-94.0850936649671, 54.7924604009941], [-93.8193106270944, 55.2860574713292], [-93.4927771061772, 55.7416853626825], [-92.8295852996882, 56.5162528923986], [-92.0740823073611, 57.0192581203159], [-91.407730580688, 57.2413753625403], [-90.5534334952098, 57.2584613042498], [-88.5885501986097, 56.7287971112533], [-86.6236669020096, 56.0795313262898], [-85.3251353320826, 55.4644374247454], [-83.8889783101187, 55.1784780558292], [-82.7878754034943, 54.5481915644511], [-82.4385599986341, 54.1912823464418], [-82.2154939409416, 53.6874994869505], [-82.078806407265, 53.038233701987], [-82.3350955329085, 52.6965148677957], [-82.6939003088094, 52.13267879138], [-82.9160175510337, 51.6371864818026], [-83.2577363852251, 51.2100379390635], [-83.3431660937729, 51.1246082305156], [-83.496939569159, 50.834147221453], [-83.8035430191479, 50.1191043942011], [-83.461821236069, 49.2989721148115], [-83.1884438096058, 47.9320849824956], [-83.0688411855281, 46.4626813152559], [-83.0859272746821, 45.1470524504019], [-83.3137410254424, 44.4579129715028], [-83.8718867454913, 43.649171213881], [-84.5211582973848, 43.0910254938321], [-85.4551980737932, 42.6126148766474], [-86.2525491024344, 42.567051960725], [-87.346059084571, 42.817647998298], [-88.5534763565135, 43.4327473632498], [-89.3280459271936, 43.7516877747063], [-90.5354631991361, 43.5352639240751], [-91.2644698538938, 42.8518201852397], [-91.3328142277773, 41.8836082218896], [-90.9008516294401, 40.3205904204879], [-90.3541008647396, 39.6029800418185], [-89.7219202930546, 38.4753065896236], [-89.0897397213696, 37.621008519779], [-88.235441651525, 37.0913437164754], [-87.1419401221239, 36.7154525657438], [-85.4846018666254, 35.7928106503116], [-84.3056705302399, 35.41691949958], [-83.1096532324575, 34.9043406576732], [-80.5514921638258, 34.5764575755005], [-78.8428838067641, 34.4967225188376], [-77.8541137664395, 34.9140647597655], [-76.8821051201353, 35.6658526971414], [-75.5076241437208, 36.2505766484338], [-74.9380878275269, 36.3568900941233], [-74.2900822526297, 36.4075158373637], [-73.8091403529967, 36.5593922267215], [-73.3585737312353, 36.7213937087031], [-73.1459467861344, 36.9036453759325], [-73.0548209525197, 37.0960221357857], [-72.9687576652169, 37.2529610714554], [-72.9535700262812, 37.3592745440058], [-72.8776318316023, 37.5364636649233], [-72.8421940074188, 37.6883400542811], [-72.7510681738041, 37.8351538973269], [-72.6548800747605, 37.9794347591949], [-72.5409728509564, 38.1502955949011], [-72.2448140690657, 38.5489708782155], [-72.0967346781204, 38.7084409915413], [-71.7664037290884, 39.061553385334], [-71.3449470010132, 39.642480226735], [-70.5552641591182, 40.1915023675419], [-69.6497070709543, 40.6699098858171], [-68.8466658795638, 40.977457576137], [-68.0094527225821, 41.3020912492523], [-67.0184657204406, 41.6096389395721], [-66.1812525634589, 41.6950688535498], [-65.429469320455, 41.7292408191409], [-64.9168898365887, 41.4900370600033], [-64.6947720602466, 41.1483174040924], [-64.7631159914287, 40.601565954635], [-65.3782113720683, 39.9010406600177], [-66.0787366666857, 39.2859452793781], [-67.2405834967826, 38.4829040879875], [-68.0607106709688, 38.0215825525078], [-69.0915648999534, 37.0932438506514], [-69.3079875287804, 36.6945705870226], [-69.6383168043586, 36.1364280179422], [-70.1850687087637, 35.259346837959], [-70.6956758253297, 34.9722840507662], [-71.117132553405, 34.6989067136364], [-71.5578915397045, 34.351173704721], [-72.0438960990025, 33.9866702852475], [-72.5657176258615, 33.6304817894184], [-72.9188282307898, 33.3457151725407], [-73.6022681112963, 32.8331352621608], [-75.0602730083999, 32.0130074832575], [-75.698150230206, 31.5345995669029], [-76.2449021346112, 31.1928796266497], [-76.8258260330418, 30.8397690217213], [-77.2358899613456, 30.600565063544], [-78.318003105481, 30.4297050934174], [-78.8989270039115, 30.2702357879658], [-79.3887255849411, 30.1677198058899], [-79.9468681540214, 30.0993758178392], [-80.6075267051777, 30.0310318297885], [-81.3934825677602, 29.9854691710881], [-83.4210208799295, 30.3727517700418], [-84.5145246887399, 30.8967223450968], [-85.7105444796263, 31.4548649141771], [-86.6559696476603, 32.274992770785], [-88.8201959359309, 33.5279658850469], [-89.5833704691632, 33.6760445258233], [-90.5174049725221, 33.960811142701], [-91.029984882902, 34.2227964302285], [-91.5083927992565, 34.5303443764564], [-91.975410050936, 34.9631896341105], [-92.6588499314425, 35.7263641673428], [-93.1030858537717, 36.5578826886257], [-93.7865257342782, 38.0044971023645], [-94.2763243153079, 38.9385316057234], [-94.7433415669873, 39.9181287677828], [-95.1647961599663, 40.7382566243905], [-96.4405506035785, 43.4036721583659], [-96.918958519933, 44.0985027035475], [-97.5568357417391, 44.9414118895055], [-99.937484850119, 47.0202083481296], [-100.653724997198, 47.4536797702803], [-101.473856625441, 47.6333999930652], [-102.477603072668, 47.7036482286362], [-103.104089629799, 47.6922575639611], [-103.992561474458, 47.8061642107121], [-105.644207852348, 48.0339775042143], [-106.703539667133, 48.1706654803156], [-107.717308823218, 48.1706654803156], [-108.799421967353, 47.9884148455138], [-109.927097770189, 47.6922575639611], [-110.883913602898, 47.4986162644842], [-112.638075962865, 46.8379577133279], [-112.991186567793, 46.6670977432013], [-113.264562519996, 46.5531910964502], [-113.583501130899, 46.4392844496991], [-113.898642878519, 46.2684244623048], [-113.959393105469, 46.1013613381935], [-114.004955775681, 45.8811417655012], [-114.027737110787, 45.7064848630211], [-113.913830435256, 45.5849844091219], [-113.558742756765, 45.545116806865], [-113.371429320561, 45.5400542815621], [-113.072740327694, 45.453991351414], [-112.64748817746, 45.2768029658149], [-112.419674485699, 45.140114750758], [-112.161485635036, 44.8591445309189], [-111.971640891901, 44.5629867316291], [-111.948859522725, 44.0769841892048], [-112.062766368606, 43.8112015488164], [-112.305767639818, 43.4011369036458], [-112.617113018558, 43.1885107913352], [-112.951239766475, 43.0518225762782], [-113.520773995879, 42.9151343612214], [-113.930838641049, 42.7480709872631], [-114.386466024572, 42.5430386646777], [-114.842093408095, 42.3456001318179], [-115.457190375851, 42.1937243373102], [-115.882442600472, 42.1329740195072], [-116.193787979213, 42.0266609633518], [-116.505133357953, 41.950723066098], [-116.856979142153, 41.9178166266699], [-117.017714481598, 41.8963008812439], [-117.09284765625, 41.914478515625]]]}, "properties": {"FID": 55, "Satellite": "GOES-EAST", "Start": "2026211 1200", "End_": "2026211 1500", "Density": "Medium", "Shape__Area": 8701366379421.324, "Shape__Length": 25021326.440442786}}, {"type": "Feature", "id": 56, "geometry": {"type": "Polygon", "coordinates": [[[-121.6540078125, 45.46696484375], [-121.5955072655, 45.4924650738824], [-121.549007132637, 45.5224651596006], [-121.475506922628, 45.564465279606], [-121.415506751191, 45.6109654124691], [-121.355506579755, 45.6589655496182], [-121.27300634403, 45.693465648194], [-121.172506056874, 45.7294657510558], [-121.097505842579, 45.7399657810571], [-121.021005623998, 45.7414657853431], [-120.9250053497, 45.7414657853431], [-120.794504976826, 45.7279657467699], [-120.758504873964, 45.7024656739095], [-120.706004723957, 45.6634655624759], [-120.646004552521, 45.6154654253269], [-120.620504479661, 45.5884653481805], [-120.584504376799, 45.5599652667483], [-120.544004261079, 45.5629652753201], [-120.512504171075, 45.5749653096074], [-120.364566243817, 45.6428405050541], [-120.297066052262, 45.6799656104092], [-120.178940717041, 45.7845909073191], [-120.111440525487, 45.8858411946513], [-120.037190314776, 45.9837164724057], [-119.983190161533, 46.0377166256495], [-119.908939950822, 46.0917167788933], [-119.834689740112, 46.1153418459374], [-119.770564558135, 46.0680917118491], [-119.709814385736, 46.0039665298721], [-119.696314347425, 45.9297163191619], [-119.706439376158, 45.8588411180294], [-119.750314500669, 45.8284660318297], [-119.821189701801, 45.7845909073191], [-119.895439912511, 45.7373407732308], [-119.939315037022, 45.7069656870312], [-119.983190161533, 45.6597155529428], [-120.020315266888, 45.6023403901213], [-120.04731534351, 45.5314651889888], [-120.084440448865, 45.4369649208121], [-120.1823157319, 45.2378393475111], [-120.232940879967, 45.1703391500889], [-120.27344099842, 45.08258889344], [-120.317316126744, 44.9948386367911], [-120.36456626494, 44.8935883406577], [-120.381441314295, 44.7990880642666], [-120.378066304424, 44.751837926071], [-120.337566185971, 44.6708376891643], [-120.320691136615, 44.6438376101954], [-120.297066067518, 44.5830874325154], [-120.293691057647, 44.5358372943198], [-120.317316126744, 44.5020871956087], [-120.364566256375, 44.4570870697041], [-120.399066346335, 44.4195869719213], [-120.459066502787, 44.3520867959122], [-120.514566647506, 44.2845866199031], [-120.586566835249, 44.2410865064751], [-120.642066979967, 44.2395865025638], [-120.729067206824, 44.2470865221203], [-120.789067363276, 44.2590865534108], [-120.874567586221, 44.26958658079], [-120.928567727028, 44.2830866159918], [-120.988567883481, 44.3025866668389], [-121.044068028199, 44.3265867294199], [-121.078568118159, 44.3580868115574], [-121.099568172918, 44.4030869288968], [-121.10256818074, 44.4450870384136], [-121.10256818074, 44.4735871127285], [-121.078568116647, 44.5170872261566], [-121.039568014953, 44.557587331762], [-120.978067854589, 44.6400875468842], [-120.913567686403, 44.7165877463611], [-120.868567569064, 44.7900879380154], [-120.858067541684, 44.817088008419], [-120.855067533862, 44.8620881257584], [-120.891067627733, 44.9070882430978], [-120.948067776363, 44.917588270477], [-120.99006788588, 44.9055882391865], [-121.030567991485, 44.8710881492263], [-121.054568054066, 44.821588020153], [-121.113068206608, 44.7615878637005], [-121.171568359149, 44.7105877307159], [-121.234568523424, 44.6490875703521], [-121.291568672054, 44.6010874451901], [-121.353068832418, 44.581587394343], [-121.423569016249, 44.5770873826091], [-121.501569219638, 44.5890874138996], [-121.531569297864, 44.6220874999484], [-121.575069411292, 44.6790876485783], [-121.600569477784, 44.7330877893856], [-121.614069512986, 44.7840879223702], [-121.615569516897, 44.8290880397095], [-121.621569532542, 44.8770881648716], [-121.614069512986, 44.9265882939448], [-121.567569391735, 44.9550883682598], [-121.528569290041, 44.9715884112842], [-121.479069160968, 44.9910884621313], [-121.426569024072, 44.9940884699539], [-121.386068918466, 45.0075885051557], [-121.366568867619, 45.0165885286236], [-121.348568820684, 45.0540886264064], [-121.323068754191, 45.1065887633023], [-121.329068769837, 45.1365888415286], [-121.362068855885, 45.1590889001983], [-121.419069004515, 45.1860889706019], [-121.449069082742, 45.201089009715], [-121.48206916879, 45.2370891035865], [-121.501569219638, 45.2685891857241], [-121.515069254839, 45.2850892287485], [-121.525569282218, 45.3105892952408], [-121.52706928613, 45.3270893382653], [-121.563069380001, 45.3390893695558], [-121.58406943476, 45.3405893734671], [-121.612569509075, 45.3405893734671], [-121.647069599035, 45.3510894008462], [-121.683069692906, 45.369089447782], [-121.711569767221, 45.397589522097], [-121.711569767221, 45.4080895494761], [-121.707069755487, 45.4290896042345], [-121.701069739842, 45.4380896277024], [-121.673069708552, 45.4570896589929], [-121.6540078125, 45.46696484375]]]}, "properties": {"FID": 56, "Satellite": "GOES-EAST", "Start": "2026211 1200", "End_": "2026211 1450", "Density": "Heavy", "Shape__Area": 29950841721.59375, "Shape__Length": 1039235.0957388264}}, {"type": "Feature", "id": 57, "geometry": {"type": "Polygon", "coordinates": [[[-118.1870078125, 48.0061357421875], [-118.218006971609, 47.981135306746], [-118.278006971609, 47.946135306746], [-118.325006971609, 47.932135306746], [-118.361006971609, 47.9291353067461], [-118.405006971609, 47.941135306746], [-118.459006971609, 47.972135306746], [-118.494006971609, 48.000135306746], [-118.513006971609, 48.0361353067461], [-118.513006971609, 48.062135306746], [-118.504006971609, 48.087135306746], [-118.476006971609, 48.102135306746], [-118.459006971609, 48.115135306746], [-118.423840298986, 48.138801973531], [-118.41934030126, 48.1568019644353], [-118.439590291027, 48.195051945107], [-118.453090284205, 48.2445519200938], [-118.459840280794, 48.2828019007655], [-118.459840280794, 48.3323018757524], [-118.459840280794, 48.366051858698], [-118.475590272836, 48.4178018325479], [-118.504840258055, 48.4628018098087], [-118.556590231905, 48.4920517950283], [-118.61959020007, 48.5123017847956], [-118.678090170509, 48.5213017802478], [-118.788340114798, 48.5145517836587], [-118.90084005795, 48.4830517995761], [-118.959340028389, 48.4650518086718], [-119.058339978363, 48.4268018280001], [-119.123589945391, 48.4020518405067], [-119.164089924926, 48.3750518541501], [-119.168589922652, 48.3615518609719], [-119.1595899272, 48.3480518677937], [-119.137089938569, 48.3368018734785], [-119.114589949939, 48.3233018803002], [-119.094339960172, 48.3143018848481], [-119.074089970404, 48.3053018893959], [-119.051589981774, 48.2738019053134], [-119.049339982911, 48.2625519109982], [-119.042589986322, 48.2468019189569], [-119.069589972678, 48.2265519291896], [-119.128089943117, 48.2423019212308], [-119.157339928337, 48.255801914409], [-119.230526194052, 48.25567684685], [-119.286526194052, 48.25467684685], [-119.367526194052, 48.24767684685], [-119.469526194052, 48.25267684685], [-119.615526194052, 48.23667684685], [-119.725526194052, 48.27967684685], [-119.820526194052, 48.34667684685], [-119.893526194052, 48.40867684685], [-119.961526194052, 48.51267684685], [-119.990526194052, 48.59267684685], [-120.003339470322, 48.6585516765867], [-120.01908946089, 48.7418016267319], [-120.030339454153, 48.8273015755296], [-120.039339448763, 48.9105515256747], [-120.023589458195, 49.0095514663878], [-120.037026068542, 49.0614264434769], [-120.040026068542, 49.1214264434769], [-120.030026068542, 49.1624264434769], [-120.037026068542, 49.2214264434769], [-120.023589458195, 49.2795513046963], [-120.021214347238, 49.3300507464366], [-120.015214347238, 49.3600507464366], [-120.012214347238, 49.4100507464366], [-120.017214347238, 49.4420507464366], [-120.013214347238, 49.4750507464366], [-120.017214347238, 49.5210507464366], [-120.026714351406, 49.5795507240764], [-120.032714351406, 49.6615507240764], [-120.011214369248, 49.7261759698668], [-119.974089400861, 49.7869259181372], [-119.899839464086, 49.85442586066], [-119.771589573293, 49.9421757859395], [-119.663589665256, 50.00292573421], [-119.525214783085, 50.0738006738589], [-119.432714479504, 50.0975505906731], [-119.321714507549, 50.0930505918101], [-119.211340050354, 50.0468006968498], [-119.126965122201, 49.9556757744441], [-119.086465156687, 49.8746758434168], [-118.988590240029, 49.7633009382543], [-118.899965291229, 49.681300809086], [-118.838465306767, 49.6183008250035], [-118.790465318895, 49.5418008443318], [-118.749965329127, 49.4623008644181], [-118.706465340118, 49.4218008746507], [-118.652465353761, 49.4038008791986], [-118.583590584893, 49.4021762457577], [-118.441840684563, 49.3931762690003], [-118.408090701618, 49.4044262633155], [-118.336090738, 49.4404262451241], [-118.29109076074, 49.4674262314806], [-118.250590781205, 49.489926220111], [-118.194340809629, 49.5079262110153], [-118.108840852833, 49.5281762007827], [-118.079590867614, 49.5259262019196], [-118.03234089149, 49.4809262246589], [-118.014340900586, 49.4381762462611], [-117.98059091764, 49.3616762849177], [-117.962590926736, 49.3076763122047], [-117.942340936968, 49.2356763485875], [-117.90634095516, 49.1681763826963], [-117.865840975625, 49.1276764031615], [-117.82534099609, 49.0849264247638], [-117.784841016556, 49.0376764486399], [-117.748841034747, 49.0129264611465], [-117.726341046116, 48.983676475927], [-117.72859104498, 48.9364264998031], [-117.755591031336, 48.8891765236793], [-117.789341014282, 48.8284265543772], [-117.816341000638, 48.7969265702947], [-117.870340973351, 48.75642659076], [-117.922090947201, 48.702426618047], [-117.964840925599, 48.6596766396492], [-118.025590894901, 48.6124266635255], [-118.057090878983, 48.5719266839907], [-118.086340864203, 48.5291767055929], [-118.090840861929, 48.4976767215104], [-118.08409086534, 48.4504267453865], [-118.075090869888, 48.421176760167], [-118.072840871025, 48.3491767965497], [-118.08409086534, 48.2816768306585], [-118.086340864203, 48.2254268590826], [-118.102090856244, 48.1691768875065], [-118.126340850559, 48.0911769056979], [-118.159340850559, 48.0371769056979], [-118.1870078125, 48.0061357421875]]]}, "properties": {"FID": 57, "Satellite": "GOES-EAST", "Start": "2026211 1200", "End_": "2026211 1450", "Density": "Heavy", "Shape__Area": 56452828750.53125, "Shape__Length": 1172892.058681767}}, {"type": "Feature", "id": 58, "geometry": {"type": "Polygon", "coordinates": [[[-118.338091796875, 45.763400390625], [-118.295091897667, 45.7684002128629], [-118.235091897667, 45.7724002128629], [-118.186091897667, 45.7684002128629], [-118.129091897667, 45.7514002128629], [-118.093091897667, 45.7254002128629], [-118.063091897667, 45.6964002128629], [-118.023091897667, 45.6374002128629], [-117.995091897667, 45.6034002128629], [-117.969091897667, 45.5714002128629], [-117.944091897667, 45.5324002128629], [-117.930091897667, 45.5094002128629], [-117.917091897667, 45.4794002128629], [-117.897091897667, 45.4444002128629], [-117.855091897667, 45.4054002128629], [-117.840091897667, 45.3874002128629], [-117.820091897667, 45.3574002128629], [-117.797091897667, 45.3194002128629], [-117.779091897667, 45.2834002128629], [-117.755091897667, 45.2264002128629], [-117.743091897667, 45.1984002128629], [-117.715091897667, 45.1774002128629], [-117.702091897667, 45.1544002128629], [-117.710203010641, 45.1224001960948], [-117.733203010641, 45.1254001960948], [-117.770453003904, 45.1376501947474], [-117.81095297965, 45.1669001772308], [-117.864952947312, 45.2006501570194], [-117.925702910931, 45.2411501327657], [-117.988702873203, 45.2771501112068], [-118.042702840865, 45.3041500950377], [-118.078702819306, 45.3334000775211], [-118.128202789662, 45.3671500573096], [-118.152952774841, 45.3829000478776], [-118.155202773493, 45.3986500384456], [-118.155202773493, 45.4234000236239], [-118.155202773493, 45.4391500141919], [-118.148452777536, 45.4773999912856], [-118.14395278023, 45.5178999670319], [-118.146202778883, 45.5471499495153], [-118.163202778883, 45.5751499495153], [-118.177202778883, 45.5991499495153], [-118.212202778883, 45.6101499495153], [-118.238202778883, 45.6111499495153], [-118.266202778883, 45.6111499495153], [-118.307202778883, 45.6111499495153], [-118.342202778883, 45.6141499495153], [-118.381202778883, 45.6251499495153], [-118.409202778883, 45.6411499495153], [-118.459202778883, 45.6701499495153], [-118.489202778883, 45.6881499495153], [-118.512202778883, 45.7091499495153], [-118.526202778883, 45.7291499495153], [-118.522202778883, 45.7461499495153], [-118.492202778883, 45.7591499495153], [-118.457202778883, 45.7731499495153], [-118.433202778883, 45.7811499495153], [-118.390202778883, 45.7781499495153], [-118.371202778883, 45.7721499495153], [-118.350202778883, 45.7641499495153], [-118.338091796875, 45.763400390625]]]}, "properties": {"FID": 58, "Satellite": "GOES-EAST", "Start": "2026211 1200", "End_": "2026211 1450", "Density": "Heavy", "Shape__Area": 2909181009.5234375, "Shape__Length": 308342.80585591967}}, {"type": "Feature", "id": 59, "geometry": {"type": "Polygon", "coordinates": [[[-120.811384765625, 48.0842236328125], [-120.782384203797, 48.0832239573603], [-120.753384203797, 48.0822239573603], [-120.722384203797, 48.1032239573603], [-120.705384203797, 48.1432239573603], [-120.681384203797, 48.1762239573603], [-120.663384203797, 48.2082239573603], [-120.642384203797, 48.2382239573603], [-120.616384203797, 48.2582239573603], [-120.599384203797, 48.2772239573603], [-120.578384203797, 48.2912239573603], [-120.557384203797, 48.2972239573603], [-120.526384203797, 48.2942239573603], [-120.502384203797, 48.2672239573603], [-120.479384203797, 48.2262239573603], [-120.459384203797, 48.1762239573603], [-120.454384203797, 48.1262239573603], [-120.468384203797, 48.0762239573603], [-120.480384203797, 48.0522239573603], [-120.491384203797, 48.0202239573603], [-120.508384203797, 47.9682239573603], [-120.536384203797, 47.9582239573603], [-120.570384203797, 47.9612239573603], [-120.608384203797, 47.9642239573603], [-120.625384203797, 47.9562239573603], [-120.631384203797, 47.9382239573603], [-120.624384203797, 47.9202239573603], [-120.600384203797, 47.8912239573603], [-120.574384203797, 47.8542239573603], [-120.552384203797, 47.8142239573603], [-120.532384203797, 47.7702239573603], [-120.516384203797, 47.7432239573603], [-120.507384203797, 47.7202239573603], [-120.506384203797, 47.7042239573603], [-120.520384203797, 47.6952239573603], [-120.539384203797, 47.6962239573603], [-120.581384203797, 47.7052239573603], [-120.609384203797, 47.7112239573603], [-120.639384203797, 47.7332239573603], [-120.678384203797, 47.7662239573603], [-120.710384203797, 47.8092239573603], [-120.749384203797, 47.8392239573603], [-120.786384203797, 47.8772239573603], [-120.810384203797, 47.9032239573603], [-120.838384203797, 47.9262239573603], [-120.871384203797, 47.9482239573603], [-120.896384203797, 47.9642239573603], [-120.915384203797, 47.9822239573603], [-120.935384203797, 48.0152239573603], [-120.937384203797, 48.0272239573603], [-120.924384203797, 48.0482239573603], [-120.905384203797, 48.0612239573603], [-120.889384203797, 48.0682239573603], [-120.870384203797, 48.0782239573603], [-120.845384203797, 48.0862239573603], [-120.819384203797, 48.0862239573603], [-120.811384765625, 48.0842236328125]]]}, "properties": {"FID": 59, "Satellite": "GOES-EAST", "Start": "2026211 1200", "End_": "2026211 1450", "Density": "Heavy", "Shape__Area": 2564984190.34375, "Shape__Length": 263853.7186199317}}, {"type": "Feature", "id": 60, "geometry": {"type": "Polygon", "coordinates": [[[-121.78351953125, 61.8076853027344], [-121.819519709997, 61.8076853531357], [-121.873519681942, 61.8076853531357], [-121.953019640639, 61.8421853352119], [-122.011519610247, 61.8781853165087], [-122.067019581413, 61.9246852923505], [-122.118019554916, 61.9726852674129], [-122.247019487897, 62.0401852323445], [-122.334019442698, 62.0626852206551], [-122.421019397498, 62.0836852097449], [-122.493019360092, 62.103185199614], [-122.5950193071, 62.1211851902624], [-122.679019263459, 62.1316851848073], [-122.737519233066, 62.1391851809108], [-122.74501922917, 62.148185176235], [-122.727019238521, 62.1631851684421], [-122.691019257225, 62.173685162987], [-122.640019283721, 62.1826851583112], [-122.523019344506, 62.1946851520768], [-122.415019400615, 62.2021851481803], [-122.284519468414, 62.1751851622077], [-121.944019645315, 62.1241851887038], [-121.82551970688, 62.0431852307859], [-121.7835197287, 62.0161852448133], [-121.720519761431, 61.977185265075], [-121.65601979494, 61.9261852915712], [-121.614019816761, 61.8676853219638], [-121.59151982845, 61.8181853476806], [-121.585519831567, 61.8046853546943], [-121.594519826892, 61.791185361708], [-121.617019815202, 61.791185361708], [-121.65451979572, 61.7986853578115], [-121.687519778575, 61.7986853578115], [-121.732519755196, 61.7986853578115], [-121.764019755088, 61.8022964719206], [-121.78351953125, 61.8076853027344]]]}, "properties": {"FID": 60, "Satellite": "GOES-EAST", "Start": "2026211 1200", "End_": "2026211 1450", "Density": "Heavy", "Shape__Area": 4593208617.1796875, "Shape__Length": 349619.49396815756}}, {"type": "Feature", "id": 61, "geometry": {"type": "Polygon", "coordinates": [[[-119.867294921875, 44.371427734375], [-119.877294201808, 44.3854280414401], [-119.891294206655, 44.4027613807742], [-119.910627546681, 44.4207613870058], [-119.9319608874, 44.4434280615197], [-119.935294221887, 44.4627614015462], [-119.924627551528, 44.4827614084702], [-119.903294210809, 44.4920947450347], [-119.880627536295, 44.495428079522], [-119.853294193499, 44.4980947471119], [-119.835960854165, 44.4927614119322], [-119.827960851395, 44.475428072598], [-119.8266275176, 44.456761399469], [-119.824627516908, 44.4287613897754], [-119.821294182421, 44.4040947145691], [-119.812627512754, 44.3907613766198], [-119.804627509984, 44.3840947076451], [-119.797294174112, 44.3760947048755], [-119.791960838932, 44.3647613676186], [-119.793294172727, 44.3560946979515], [-119.800627508599, 44.3520946965667], [-119.813960846549, 44.3500946958743], [-119.831294185883, 44.3520946965667], [-119.849294192114, 44.356761364849], [-119.860405308586, 44.3637737166561], [-119.865343586105, 44.369304587478], [-119.867294921875, 44.371427734375]]]}, "properties": {"FID": 61, "Satellite": "GOES-EAST", "Start": "2026211 1200", "End_": "2026211 1500", "Density": "Heavy", "Shape__Area": 210376990.640625, "Shape__Length": 62330.353243481964}}, {"type": "Feature", "id": 62, "geometry": {"type": "Polygon", "coordinates": [[[-116.391822265625, 49.6215634765625], [-116.382115093253, 49.6328874945014], [-116.351377914665, 49.6523004493987], [-116.310934258629, 49.6652424193303], [-116.252695393937, 49.6700956580546], [-116.196074275486, 49.6636246730888], [-116.15563061945, 49.657153688123], [-116.12165794838, 49.64259397195], [-116.113569217173, 49.6377407332257], [-116.115186963414, 49.6053858083968], [-116.154012873209, 49.5940615847067], [-116.209016245418, 49.5875905997409], [-116.25593088642, 49.5908260922238], [-116.30122778118, 49.598914823431], [-116.341671437216, 49.6005325696725], [-116.364319884597, 49.6005325696725], [-116.387766476384, 49.6096243457452], [-116.392005013732, 49.6138628830937], [-116.391822265625, 49.6215634765625]]]}, "properties": {"FID": 62, "Satellite": "GOES-EAST", "Start": "2026211 1200", "End_": "2026211 1500", "Density": "Heavy", "Shape__Area": 328884990.7578125, "Shape__Length": 74637.31216832514}}, {"type": "Feature", "id": 63, "geometry": {"type": "Polygon", "coordinates": [[[-122.5540234375, 43.126693359375], [-122.550348909428, 43.1132211002522], [-122.550348909428, 43.108322119406], [-122.551573654639, 43.0960746672903], [-122.556472635486, 43.0850519603861], [-122.563821106755, 43.0789282343283], [-122.56749534239, 43.0764787439052], [-122.574843813659, 43.0728045082705], [-122.582192284929, 43.0728045082705], [-122.59076550141, 43.0728045082705], [-122.598113972679, 43.0728045082705], [-122.605462443948, 43.0728045082705], [-122.615260405641, 43.0715797630589], [-122.62260887691, 43.0666807822126], [-122.633631583815, 43.0593323109432], [-122.647103781142, 43.0507590944622], [-122.664250214104, 43.0470848588275], [-122.679854384537, 43.0490051379747], [-122.688805606134, 43.055295185583], [-122.69291832957, 43.0659398815357], [-122.689969863547, 43.0764787439052], [-122.680171901854, 43.0875014508093], [-122.667924449738, 43.0960746672903], [-122.652002761988, 43.1034231385597], [-122.636081074238, 43.1119963550407], [-122.62260887691, 43.1242438071563], [-122.614035660429, 43.1352665140605], [-122.603012953525, 43.1426149853298], [-122.588316010987, 43.145064475753], [-122.576068558871, 43.145064475753], [-122.568720087601, 43.1426149853298], [-122.562596361544, 43.1389407496952], [-122.5540234375, 43.126693359375]]]}, "properties": {"FID": 63, "Satellite": "GOES-EAST", "Start": "2026211 1500", "End_": "2026211 1700", "Density": "Heavy", "Shape__Area": 133630660.5390625, "Shape__Length": 48099.42542698227}}, {"type": "Feature", "id": 64, "geometry": {"type": "Polygon", "coordinates": [[[-121.13869140625, 45.478453125], [-121.110317186136, 45.4712407701927], [-121.083644951889, 45.4728737641262], [-121.063368649861, 45.4802902545297], [-121.046834592239, 45.4876387245842], [-121.028463417102, 45.4968243121524], [-120.999069536884, 45.5004985471796], [-120.969675656666, 45.5004985471796], [-120.949467364016, 45.4876387245842], [-120.942118893962, 45.4655933144206], [-120.943956011475, 45.4490592567979], [-120.962327186612, 45.4325251991752], [-120.986209714289, 45.4288509641479], [-121.017440712021, 45.423339611607], [-121.05234594478, 45.4141540240389], [-121.074391354943, 45.4049684364707], [-121.103785235161, 45.3902714963616], [-121.129504880352, 45.3663889686844], [-121.146038937975, 45.3443435585208], [-121.166247230625, 45.3222981483572], [-121.191966875816, 45.3112754432754], [-121.221360756034, 45.2965785031664], [-121.243406166198, 45.27820732803], [-121.25994022382, 45.2616732704073], [-121.283822751497, 45.2506505653255], [-121.311379514202, 45.2304422726756], [-121.333424924365, 45.2175824500801], [-121.364655922097, 45.2139082150529], [-121.390375567288, 45.2175824500801], [-121.417932329993, 45.2304422726756], [-121.434466387615, 45.2488134478119], [-121.447326210211, 45.2598361528937], [-121.463860267833, 45.263510387921], [-121.491417030538, 45.2690217404619], [-121.506113970647, 45.2837186805709], [-121.517136675729, 45.3094383257618], [-121.511625323188, 45.3351579709527], [-121.500602618106, 45.3480177935481], [-121.48223144297, 45.3590404986299], [-121.451000445238, 45.3719003212253], [-121.423443682534, 45.3810859087935], [-121.399561154856, 45.3847601438207], [-121.366493039611, 45.3921086138753], [-121.318727984256, 45.408642671498], [-121.287496986525, 45.4306880816616], [-121.267288693875, 45.4472221392843], [-121.248917518738, 45.4655933144206], [-121.21952363852, 45.4729417844751], [-121.17910705322, 45.478453137016], [-121.13869140625, 45.478453125]]]}, "properties": {"FID": 64, "Satellite": "GOES-EAST", "Start": "2026211 1500", "End_": "2026211 1700", "Density": "Heavy", "Shape__Area": 1284462213.0859375, "Shape__Length": 169759.25860119282}}, {"type": "Feature", "id": 65, "geometry": {"type": "Polygon", "coordinates": [[[-121.0876171875, 45.1423408203125], [-121.039851860719, 45.1405038106398], [-121.021480647336, 45.1423409319782], [-121.001272312614, 45.1423409319782], [-120.977389735216, 45.1368295679632], [-120.946158672464, 45.1184583545797], [-120.946158672464, 45.0890644131662], [-120.951670036479, 45.0523219863993], [-120.968204128524, 45.0192538023091], [-121.003109433952, 44.9825113755421], [-121.045363224734, 44.9512803127903], [-121.085779894178, 44.9329090994068], [-121.131707927637, 44.9145378860234], [-121.170287475742, 44.8961666726399], [-121.20519278117, 44.8796325805948], [-121.240098086599, 44.8557500031964], [-121.271329149351, 44.8171704550911], [-121.295211726749, 44.7694053002941], [-121.324605668163, 44.7253143881738], [-121.357673852253, 44.694083325422], [-121.39441627902, 44.6646893840084], [-121.442181433817, 44.646318170625], [-121.477086739245, 44.6481552919633], [-121.513829166012, 44.6683636266851], [-121.541385986088, 44.6922462040836], [-121.570779927501, 44.7124545388054], [-121.596499626238, 44.7326628735272], [-121.624056446313, 44.7602196936024], [-121.633242053005, 44.7767537856475], [-121.63875341702, 44.811659091076], [-121.636916295682, 44.8263560617828], [-121.631404931666, 44.8373787898129], [-121.622219324975, 44.853912881858], [-121.602010990253, 44.859424245873], [-121.574454170178, 44.8667727312264], [-121.543223107426, 44.8814697019332], [-121.515666287351, 44.9053522793317], [-121.497295073967, 44.9347462207452], [-121.478923860584, 44.960465919482], [-121.456878404524, 44.9751628901888], [-121.425647341772, 44.9861856182188], [-121.39441627902, 44.9935341035722], [-121.357673852253, 44.9953712249106], [-121.320931425486, 45.0045568316023], [-121.265817785336, 45.0174166809707], [-121.227238237231, 45.0357878943542], [-121.197844295817, 45.067018957106], [-121.175798839757, 45.0872272918278], [-121.15007914102, 45.1129469905647], [-121.120685199606, 45.1313182039481], [-121.0876171875, 45.1423408203125]]]}, "properties": {"FID": 65, "Satellite": "GOES-EAST", "Start": "2026211 1500", "End_": "2026211 1700", "Density": "Heavy", "Shape__Area": 2591461439.765625, "Shape__Length": 235983.47466693667}}, {"type": "Feature", "id": 66, "geometry": {"type": "Polygon", "coordinates": [[[-120.231517578125, 45.4307685546875], [-120.19569454117, 45.4307690367249], [-120.151603625346, 45.4473031301589], [-120.096489980566, 45.4858826815047], [-120.071688840416, 45.5134395038945], [-120.049643382504, 45.5575304197183], [-120.022086560114, 45.6098883822591], [-119.991774055485, 45.6484679336049], [-119.947683139661, 45.6760247559947], [-119.887058130403, 45.6705133915168], [-119.862256990253, 45.6071327000201], [-119.87052403697, 45.5520190552404], [-119.909103588315, 45.5079281394166], [-119.9504388219, 45.4665929058318], [-119.97799564429, 45.4362804012029], [-120.011063831158, 45.3866781209012], [-120.035864971309, 45.3370758405994], [-120.066177475938, 45.2792065135807], [-120.088222933849, 45.2351155977569], [-120.129558167434, 45.1882689996942], [-120.16813771878, 45.1496894483483], [-120.220495681321, 45.0945758035686], [-120.25080818595, 45.0477292055059], [-120.272853643862, 44.9843485140092], [-120.281120690579, 44.9292348692294], [-120.281120690579, 44.8878996356446], [-120.272853643862, 44.8382973553429], [-120.272853643862, 44.7831837105632], [-120.275609326101, 44.7198030190665], [-120.292143419534, 44.6453995986138], [-120.338990017597, 44.5765075426392], [-120.380325251182, 44.5351723090544], [-120.44095026044, 44.4662802530797], [-120.498819587458, 44.402899561583], [-120.556688914477, 44.3615643279983], [-120.617313923735, 44.3284961411304], [-120.677938932993, 44.3147177299355], [-120.746830988967, 44.3174734121745], [-120.796433269269, 44.3367631878474], [-120.835012820615, 44.3698313747152], [-120.846035549571, 44.4359677484509], [-120.837768502854, 44.4883257109916], [-120.804700315986, 44.5241495800984], [-120.757853717923, 44.5599734492053], [-120.713762802099, 44.612331411746], [-120.705495755382, 44.6674450565257], [-120.713762802099, 44.7032689256326], [-120.730296895533, 44.7418484769784], [-120.763365082401, 44.7859393928021], [-120.79367758703, 44.8300303086259], [-120.801944633747, 44.8878996356446], [-120.782654858074, 44.9347462337074], [-120.757853717923, 44.9678144205752], [-120.722029848816, 44.9953712429651], [-120.675183250754, 45.020172383116], [-120.628336652691, 45.0367064765499], [-120.581490054628, 45.0477292055059], [-120.52086504537, 45.0587519344618], [-120.454728671635, 45.0918201213296], [-120.418904802528, 45.1552008128263], [-120.407882073572, 45.2103144576061], [-120.405126391333, 45.2736951491027], [-120.394103662377, 45.3205417471655], [-120.350012746553, 45.3701440274673], [-120.297654784012, 45.4114792610521], [-120.231517578125, 45.4307685546875]]]}, "properties": {"FID": 66, "Satellite": "GOES-EAST", "Start": "2026211 1500", "End_": "2026211 1700", "Density": "Heavy", "Shape__Area": 8054020597.5390625, "Shape__Length": 527885.397352398}}, {"type": "Feature", "id": 67, "geometry": {"type": "Polygon", "coordinates": [[[-119.817671875, 44.5249873046875], [-119.739289011938, 44.5298859215246], [-119.717243619811, 44.5347848975526], [-119.695198227685, 44.5409086175877], [-119.662130139496, 44.5519313136508], [-119.635185771342, 44.5641787537209], [-119.622938331271, 44.570302473756], [-119.600892939145, 44.576426193791], [-119.581297035033, 44.577650937798], [-119.565375362942, 44.5690777297489], [-119.554352666879, 44.5543808016648], [-119.551903178865, 44.5347848975526], [-119.554352666879, 44.5213127134755], [-119.567824850956, 44.5090652734054], [-119.588645499075, 44.4980425773423], [-119.611915635208, 44.4857951372721], [-119.635185771342, 44.474772441209], [-119.659680651482, 44.4588507691179], [-119.684175531622, 44.4429290970267], [-119.712344643783, 44.4306816569566], [-119.740513755945, 44.4208837049005], [-119.763783892078, 44.4110857528444], [-119.789503516225, 44.4086362648304], [-119.815223140372, 44.4086362648304], [-119.834819044484, 44.4147599848654], [-119.844616996541, 44.4306816569566], [-119.849515972569, 44.4478280730548], [-119.858089180618, 44.471098209188], [-119.858089180618, 44.4845703932651], [-119.856864436611, 44.5041662973773], [-119.850740716576, 44.5151889934404], [-119.838493276506, 44.5213127134755], [-119.827470580442, 44.5262116895035], [-119.817671875, 44.5249873046875]]]}, "properties": {"FID": 67, "Satellite": "GOES-EAST", "Start": "2026211 1500", "End_": "2026211 1700", "Density": "Heavy", "Shape__Area": 511348468.2265625, "Shape__Length": 95837.96092675149}}, {"type": "Feature", "id": 68, "geometry": {"type": "Polygon", "coordinates": [[[-118.122396484375, 45.911111328125], [-118.0948401996, 45.8670202273214], [-118.081061826535, 45.8146624096736], [-118.072794802696, 45.7843499889302], [-118.059016429631, 45.7595489174128], [-118.036971032726, 45.7402591951215], [-117.995635913531, 45.7264808220563], [-117.957056468948, 45.7182137982172], [-117.923988373592, 45.6961684013128], [-117.896431627461, 45.6658559805694], [-117.879897579783, 45.6217651867607], [-117.893675952848, 45.577674392952], [-117.923988373592, 45.5446062975955], [-117.9680791674, 45.5335835991434], [-117.995635913531, 45.5418506229825], [-118.028704008887, 45.5638960198868], [-118.059016429631, 45.5886970914042], [-118.097595874213, 45.6134981629216], [-118.13066396957, 45.6134981629216], [-118.169243414152, 45.6107424883085], [-118.224356906413, 45.6052311390825], [-118.282226073287, 45.6162538375346], [-118.331828216322, 45.6355435598259], [-118.373163335518, 45.6768786790215], [-118.381430359357, 45.707191099765], [-118.375919010131, 45.7264808220563], [-118.345606589387, 45.7457705443476], [-118.315294168644, 45.7567932427998], [-118.282226073287, 45.7788386397041], [-118.271203374835, 45.8229294335127], [-118.271203374835, 45.8615088780953], [-118.260180676383, 45.8863099496127], [-118.224356906413, 45.9138666957431], [-118.152709366474, 45.9304007434214], [-118.122396484375, 45.911111328125]]]}, "properties": {"FID": 68, "Satellite": "GOES-EAST", "Start": "2026211 1500", "End_": "2026211 1700", "Density": "Heavy", "Shape__Area": 1783755402.2578125, "Shape__Length": 188167.70954960986}}, {"type": "Feature", "id": 69, "geometry": {"type": "Polygon", "coordinates": [[[-113.24710546875, 47.9488095703125], [-113.225060288549, 47.9328880864392], [-113.214037578826, 47.9230901222417], [-113.198115887006, 47.918191140143], [-113.179744704135, 47.9194158856676], [-113.167497248888, 47.9230901222417], [-113.147901320493, 47.9292138498651], [-113.136878610771, 47.9255396132911], [-113.128305392098, 47.9169663946183], [-113.128305392098, 47.8961457206986], [-113.136878610771, 47.8753250467788], [-113.150350811543, 47.8569538639085], [-113.172396230987, 47.8385826810382], [-113.187093177283, 47.8251104802666], [-113.211588087777, 47.8116382794951], [-113.232408761697, 47.8091887884457], [-113.247105707993, 47.8116382794951], [-113.25935316324, 47.8251104802666], [-113.266701636388, 47.8447064086616], [-113.271600618487, 47.8655270825814], [-113.276499600586, 47.8777745378282], [-113.282623328209, 47.8924714841245], [-113.288747055832, 47.9096179214701], [-113.287522310308, 47.9267643588158], [-113.286297564783, 47.9390118140626], [-113.272825364012, 47.9512592693095], [-113.258128417715, 47.9524840148342], [-113.24710546875, 47.9488095703125]]]}, "properties": {"FID": 69, "Satellite": "GOES-EAST", "Start": "2026211 1500", "End_": "2026211 1700", "Density": "Heavy", "Shape__Area": 276523225.71875, "Shape__Length": 68791.55745982727}}, {"type": "Feature", "id": 70, "geometry": {"type": "Polygon", "coordinates": [[[-114.886671888923, 48.5560001113088], [-114.839133537451, 48.5625320985341], [-114.778894099707, 48.5748702966261], [-114.724914488334, 48.5908827111072], [-114.663677130488, 48.6080291713042], [-114.508134241557, 48.6521200689538], [-114.468987594689, 48.6616005714498], [-114.433424664985, 48.6704912763077], [-114.405255480375, 48.6766150120924], [-114.370962559981, 48.6876377365048], [-114.344018122529, 48.6962109666033], [-114.313671454001, 48.7004296066219], [-114.282463070591, 48.7036956002345], [-114.252343351719, 48.704784264772], [-114.22766714262, 48.6986604609172], [-114.220772080131, 48.6779305395128], [-114.228029843714, 48.661963459629], [-114.25583632723, 48.6545695632676], [-114.272982787427, 48.6508953217968], [-114.288904500467, 48.6496705746399], [-114.33544489243, 48.6398725973845], [-114.358715088412, 48.6325241144429], [-114.384434778707, 48.6239508843443], [-114.41137921616, 48.6141529070889], [-114.44322264224, 48.6080291713042], [-114.476290815477, 48.5970064468918], [-114.503461971711, 48.5926518174059], [-114.53507867901, 48.5872084696364], [-114.577944829503, 48.5823094810087], [-114.609788255583, 48.576185745224], [-114.647755417448, 48.5663877679686], [-114.689396820783, 48.559039285027], [-114.721240246864, 48.5480165606146], [-114.756032144419, 48.5349525969165], [-114.794725076279, 48.5210721231621], [-114.825343755203, 48.5088246515928], [-114.853512939812, 48.5014761686512], [-114.876783135794, 48.5014761686512], [-114.893929595991, 48.503925662965], [-114.908626561874, 48.5100493987497], [-114.9220987806, 48.5296453532606], [-114.924412259558, 48.5443876895751], [-114.908808067853, 48.5523712295171], [-114.886671888923, 48.5560001113088]]]}, "properties": {"FID": 70, "Satellite": "GOES-EAST", "Start": "2026211 1500", "End_": "2026211 1700", "Density": "Heavy", "Shape__Area": 685162042.8125, "Shape__Length": 177176.63752863515}}, {"type": "Feature", "id": 71, "geometry": {"type": "Polygon", "coordinates": [[[-120.519587981559, 48.586211248889], [-120.487540517801, 48.5639620073755], [-120.469169327535, 48.5437536980829], [-120.443449661163, 48.501499960471], [-120.426915589923, 48.4592462228591], [-120.419567113817, 48.4114811281674], [-120.41221863771, 48.3600417954224], [-120.41221863771, 48.3122767007307], [-120.41221863771, 48.273697201172], [-120.408544399657, 48.2332805825867], [-120.406707280631, 48.194701083028], [-120.406707280631, 48.1524473454161], [-120.41221863771, 48.1193792029372], [-120.42569086289, 48.09549674176], [-120.447123899216, 48.0771254653253], [-120.474680684615, 48.0661027511657], [-120.507748827094, 48.0422202038198], [-120.522445779307, 48.0128262993942], [-120.53163137444, 47.9797581569153], [-120.546328326653, 47.9503642524896], [-120.562862397892, 47.9338301812502], [-120.586744945238, 47.9044362768245], [-120.597767659397, 47.8713681343456], [-120.597767659397, 47.8566711821328], [-120.590419183291, 47.8382999918667], [-120.577559350105, 47.8144174445209], [-120.572047993025, 47.7740008259356], [-120.581233588158, 47.7464440405365], [-120.603279016477, 47.7372584454035], [-120.627161563823, 47.7354213263769], [-120.654718349222, 47.7482811595631], [-120.680438015595, 47.7666523498292], [-120.711669039047, 47.7942091352282], [-120.741062943473, 47.8199288016007], [-120.774131085951, 47.8419742299199], [-120.805362109404, 47.8585083011594], [-120.856801442149, 47.8879022055851], [-120.884358227548, 47.9117847529309], [-120.895380941707, 47.9540384905428], [-120.91007789392, 47.9999664662079], [-120.91007789392, 48.0311974896602], [-120.90456653684, 48.0679398701923], [-120.888032465601, 48.1010080126712], [-120.862312799229, 48.1267276790436], [-120.832918894803, 48.1450988693097], [-120.810873466484, 48.1506102263895], [-120.790665157191, 48.1487731073629], [-120.770456847898, 48.1377503932033], [-120.733714467366, 48.1340761551501], [-120.700646324887, 48.1542844644427], [-120.687786491701, 48.1928639640014], [-120.687786491701, 48.2296063445335], [-120.693297848781, 48.2681858440922], [-120.693297848781, 48.3104395817041], [-120.689623610728, 48.3637160334756], [-120.684112253648, 48.4151553662206], [-120.682275134621, 48.4592462228591], [-120.680438015595, 48.4923143653379], [-120.674926658515, 48.52905674587], [-120.667578182408, 48.5547764122425], [-120.652881230196, 48.580496078615], [-120.630835801876, 48.598867268881], [-120.601441897451, 48.6062157449874], [-120.564699516919, 48.6007043879076], [-120.519587981559, 48.586211248889]]]}, "properties": {"FID": 71, "Satellite": "GOES-EAST", "Start": "2026211 1500", "End_": "2026211 1700", "Density": "Heavy", "Shape__Area": 4426925939.296875, "Shape__Length": 344517.9084301187}}, {"type": "Feature", "id": 72, "geometry": {"type": "Polygon", "coordinates": [[[-119.584712890625, 49.4138701171875], [-119.463463583894, 49.3881501889401], [-119.424884161029, 49.362430573697], [-119.395490315037, 49.3311996123303], [-119.360585122921, 49.2779232664696], [-119.340376853802, 49.2338324974814], [-119.331191276929, 49.1695334593735], [-119.331191276929, 49.1327911518833], [-119.345888199925, 49.0942117290187], [-119.367933584419, 49.0574694215285], [-119.388141853539, 49.0188899986638], [-119.397327430412, 48.9747992296756], [-119.397327430412, 48.9288713453129], [-119.408350122659, 48.8939661531972], [-119.430395507153, 48.8517124995835], [-119.461626468519, 48.8149701920933], [-119.491020314512, 48.7929248075992], [-119.527762622002, 48.759856730858], [-119.57185339099, 48.7157659618698], [-119.614107044604, 48.6771865390051], [-119.658197813592, 48.65881538526], [-119.691265890333, 48.6569782698855], [-119.720659736325, 48.651466923762], [-119.755564928441, 48.651466923762], [-119.784958774433, 48.65881538526], [-119.807004158927, 48.6808607697541], [-119.829049543421, 48.7029061542483], [-119.863954735537, 48.7157659618698], [-119.908045504525, 48.7323000002404], [-119.942950696641, 48.7616938462325], [-119.968670311884, 48.7965990383482], [-119.990715696378, 48.8406898073364], [-120.001738388625, 48.8902919224482], [-120.003575504, 48.9288713453129], [-119.994389927127, 48.9692878835521], [-119.979693004131, 48.9986817295442], [-119.952136273513, 49.0262384601618], [-119.924579542896, 49.051958075405], [-119.884163004657, 49.0795148060226], [-119.849257812541, 49.1162571135128], [-119.825375312672, 49.16402211325], [-119.814352620425, 49.2099499976127], [-119.807004158927, 49.2485294204774], [-119.805167043553, 49.2926201894656], [-119.79598146668, 49.3275253815813], [-119.779447428309, 49.3587563429479], [-119.75923915919, 49.3826388428166], [-119.73903089007, 49.4010099965617], [-119.718822620951, 49.4120326888087], [-119.694940121082, 49.4212182656812], [-119.658197813592, 49.4248924964303], [-119.614107044604, 49.4212182656812], [-119.584712890625, 49.4138701171875]]]}, "properties": {"FID": 72, "Satellite": "GOES-EAST", "Start": "2026211 1500", "End_": "2026211 1700", "Density": "Heavy", "Shape__Area": 6655847665.6484375, "Shape__Length": 328298.4464310037}}, {"type": "Feature", "id": 73, "geometry": {"type": "Polygon", "coordinates": [[[-119.124515625, 48.57430859375], [-119.096959163457, 48.5596113680867], [-119.073076663589, 48.5265432913455], [-119.058379740592, 48.5008236761024], [-119.045519932971, 48.4732669454848], [-119.045519932971, 48.4475473302416], [-119.052868394469, 48.4273390611221], [-119.063891086716, 48.4108050227515], [-119.071239548214, 48.3869225228828], [-119.071239548214, 48.3648771383888], [-119.067565317465, 48.3446688692691], [-119.058379740592, 48.3244606001495], [-119.052868394469, 48.2987409849064], [-119.054705509843, 48.2711842542888], [-119.073076663589, 48.2473017544202], [-119.089610701959, 48.2417904082966], [-119.104307624955, 48.2454646390456], [-119.117167432577, 48.2509759851692], [-119.137375701696, 48.2583244466672], [-119.157583970816, 48.2601615620417], [-119.175955124561, 48.2601615620417], [-119.203511855179, 48.2638357927908], [-119.220045893549, 48.2766956004123], [-119.23657993192, 48.2987409849064], [-119.249439739541, 48.3207863694005], [-119.264136662537, 48.3520173307672], [-119.275159354784, 48.3850854075083], [-119.280670700908, 48.4218277149985], [-119.282507816283, 48.4567329071142], [-119.282507816283, 48.4879638684808], [-119.282507816283, 48.5118463683495], [-119.280670700908, 48.5338917528436], [-119.269648008661, 48.5596113680867], [-119.25311397029, 48.5816567525808], [-119.231068585796, 48.5926794448279], [-119.205348970553, 48.5981907909514], [-119.174118009187, 48.5945165602024], [-119.144724163194, 48.5871680987043], [-119.124515625, 48.57430859375]]]}, "properties": {"FID": 73, "Satellite": "GOES-EAST", "Start": "2026211 1500", "End_": "2026211 1700", "Density": "Heavy", "Shape__Area": 1240154116.8515625, "Shape__Length": 146055.46302610007}}, {"type": "Feature", "id": 74, "geometry": {"type": "Polygon", "coordinates": [[[-118.64778515625, 50.1018701171875], [-118.573381047773, 50.0770690376369], [-118.529290268501, 50.0632906691145], [-118.430086015139, 50.0440009531832], [-118.341904456596, 50.0440009531832], [-118.275768287688, 50.0495123005921], [-118.234433182121, 50.0577793217056], [-118.201365097667, 50.071557690228], [-118.168297013214, 50.0908474061593], [-118.124206233942, 50.0908474061593], [-118.091138149488, 50.0825803850459], [-118.013979285763, 50.0302225846607], [-117.986422548718, 49.9999101739114], [-117.912019358697, 49.9282626575949], [-117.876195600539, 49.8786605309142], [-117.843127516085, 49.8207913831201], [-117.774235673473, 49.6912747190095], [-117.732900567906, 49.6361612449198], [-117.691565462338, 49.5948261393526], [-117.650230356771, 49.5645137286033], [-117.622673619726, 49.5507353600809], [-117.592361208977, 49.539712665263], [-117.542759082296, 49.5121559282181], [-117.504179650434, 49.4818435174688], [-117.476622913389, 49.4239743696747], [-117.47111156598, 49.3605938744716], [-117.479378587093, 49.310991747791], [-117.498668303025, 49.2696566422237], [-117.537247734887, 49.2393442314744], [-117.589605535272, 49.1980091259072], [-117.628184967135, 49.15667402034], [-117.666764398998, 49.1236059358862], [-117.708099504565, 49.0740038092055], [-117.738411915315, 49.0216460088204], [-117.752190283837, 48.9582655136173], [-117.752190283837, 48.9086633869366], [-117.752190283837, 48.848038565438], [-117.763212978655, 48.7984364387573], [-117.7907697157, 48.7488343120766], [-117.837616168676, 48.7130105539184], [-117.881706947948, 48.693720837987], [-117.914775032401, 48.6744311220556], [-117.9753998539, 48.6000279320346], [-118.013979285763, 48.5366474368315], [-118.047047370216, 48.4925566575598], [-118.074604107261, 48.4567328994016], [-118.088382475784, 48.4209091412433], [-118.113183539124, 48.3657956671537], [-118.115939212829, 48.3051708456551], [-118.102160844306, 48.2610800663834], [-118.099405170602, 48.1839212026578], [-118.099405170602, 48.1150293600458], [-118.115939212829, 48.081961275592], [-118.151762970987, 48.0488931911382], [-118.195853750259, 48.0213364540934], [-118.245455876939, 47.9965353907531], [-118.300569351029, 47.9827570222307], [-118.358438498823, 47.9772456748217], [-118.410796299208, 47.9827570222307], [-118.47968814182, 47.9937797170486], [-118.529290268501, 48.0185807803889], [-118.565114026659, 48.0599158859562], [-118.589915089999, 48.0957396441144], [-118.617471827044, 48.1398304233862], [-118.628494521862, 48.1894325500668], [-118.61471615334, 48.2252563082251], [-118.58440374259, 48.2445460241565], [-118.545824310728, 48.2555687189744], [-118.518267573683, 48.2776141086103], [-118.504489205161, 48.3189492141775], [-118.512756226274, 48.3547729723357], [-118.510000552569, 48.396108077903], [-118.493466510343, 48.4457102045836], [-118.482443815525, 48.5035793523778], [-118.476932468116, 48.5642041738764], [-118.476932468116, 48.6082949531481], [-118.496222184047, 48.6523857324198], [-118.510000552569, 48.6744311220556], [-118.562358352955, 48.7378116172587], [-118.598182111113, 48.768124028008], [-118.642272890385, 48.7929250913484], [-118.691875017065, 48.8204818283932], [-118.730454448928, 48.842527218029], [-118.771789554495, 48.8866179973007], [-118.82414735488, 48.9499984925038], [-118.862726786743, 49.002356292889], [-118.87926082897, 49.0464470721607], [-118.937129976764, 49.1897421047938], [-118.953664018991, 49.2393442314744], [-118.972953734922, 49.2944577055641], [-118.989487777149, 49.3578382007672], [-119.008777493081, 49.4101960011523], [-119.033578556421, 49.4818435174688], [-119.050112598648, 49.5700250760123], [-119.050112598648, 49.6554509608512], [-119.03908990383, 49.7381211719857], [-119.01428884049, 49.8097686883022], [-118.997754798263, 49.8759048572098], [-118.970198061218, 49.9447966998218], [-118.942641324173, 50.0026658476159], [-118.909573239719, 50.0440009531832], [-118.870993807857, 50.0798247113414], [-118.82414735488, 50.1046257746818], [-118.777300901904, 50.1211598169087], [-118.733210122632, 50.1211598169087], [-118.680852322247, 50.1184041432042], [-118.64778515625, 50.1018701171875]]]}, "properties": {"FID": 74, "Satellite": "GOES-EAST", "Start": "2026211 1500", "End_": "2026211 1700", "Density": "Heavy", "Shape__Area": 37662072156.515625, "Shape__Length": 910023.9916775889}}, {"type": "Feature", "id": 75, "geometry": {"type": "Polygon", "coordinates": [[[-120.407995728062, 49.5337423942006], [-120.371457495949, 49.5355794691425], [-120.345737865803, 49.5282310033865], [-120.31450688634, 49.5006742568015], [-120.299809954828, 49.4749546266556], [-120.290624372633, 49.4492349965096], [-120.286950139755, 49.4235153663637], [-120.293414004305, 49.403919397123], [-120.318181119218, 49.3904472704617], [-120.349412098681, 49.3886101540227], [-120.375131728827, 49.3794245718277], [-120.410036941168, 49.3555420581208], [-120.432082338436, 49.3316595444138], [-120.448616386387, 49.3004285649509], [-120.46147620146, 49.2636862361709], [-120.466987550777, 49.221432558074], [-120.463313317899, 49.1755046470991], [-120.452290619265, 49.1314138525632], [-120.446779269948, 49.0891601744662], [-120.446779269948, 49.0505807292473], [-120.454127735704, 49.0009785853944], [-120.474336016533, 48.9605620237364], [-120.509241228874, 48.9274939278345], [-120.568028954922, 48.8999371812495], [-120.623142448092, 48.8944258319325], [-120.66355900975, 48.9017742976885], [-120.696627105651, 48.9256568113955], [-120.726020968675, 48.9550506744194], [-120.75357771526, 48.9936301196384], [-120.781134461845, 49.0322095648573], [-120.797668509796, 49.0707890100762], [-120.803179859113, 49.1075313388562], [-120.797668509796, 49.1387623183191], [-120.779297345406, 49.1736675306601], [-120.746229249504, 49.1920386950501], [-120.707649804285, 49.208572743001], [-120.669070359067, 49.223269674513], [-120.634165146726, 49.2600120032929], [-120.617631098775, 49.2985914485119], [-120.613956865897, 49.3316595444138], [-120.612119749458, 49.3757503389497], [-120.591911468629, 49.4253524828027], [-120.558843372727, 49.4749546266556], [-120.522101043947, 49.5098598389965], [-120.490870064484, 49.5263938869475], [-120.454127735704, 49.5319052362645], [-120.407995728062, 49.5337423942006]]]}, "properties": {"FID": 75, "Satellite": "GOES-EAST", "Start": "2026211 1500", "End_": "2026211 1700", "Density": "Heavy", "Shape__Area": 3083948224.984375, "Shape__Length": 272869.2556478773}}, {"type": "Feature", "id": 76, "geometry": {"type": "Polygon", "coordinates": [[[-120.941984375, 49.2246982421875], [-120.925450344282, 49.2008156824511], [-120.91075341277, 49.1622362372322], [-120.903404947014, 49.1236567920133], [-120.905242063453, 49.0997742783063], [-120.918101878526, 49.0685432988433], [-120.940147275794, 49.0520092508924], [-120.962192673062, 49.0464979015754], [-120.98423807033, 49.0409865522584], [-121.006283467598, 49.0318009700634], [-121.02098039911, 49.0115926892344], [-121.037514447061, 48.9766874768935], [-121.059559844329, 48.9472936138695], [-121.087116590914, 48.9252482166016], [-121.109161988182, 48.8885058878216], [-121.13120738545, 48.8480893261637], [-121.16794971423, 48.8278810453347], [-121.201017810132, 48.8186954631397], [-121.228574556716, 48.8333923946517], [-121.252457070423, 48.8591120247977], [-121.270828234813, 48.9068770522116], [-121.263479769057, 48.9399451481136], [-121.254294186862, 48.9858730590885], [-121.261642652618, 49.0373123193804], [-121.267154001935, 49.0869144632333], [-121.267154001935, 49.1218196755743], [-121.259805536179, 49.1585620043542], [-121.23959725535, 49.1806074016222], [-121.212040508766, 49.1971414495731], [-121.189995111498, 49.2118383810851], [-121.169786830669, 49.2357208947921], [-121.145904316962, 49.263277641377], [-121.103650638865, 49.283485922206], [-121.061396960768, 49.288997271523], [-121.030165981305, 49.287160155084], [-121.008120584037, 49.279811689328], [-120.980563837452, 49.261440524938], [-120.954844207306, 49.2412322441091], [-120.941984375, 49.2246982421875]]]}, "properties": {"FID": 76, "Satellite": "GOES-EAST", "Start": "2026211 1500", "End_": "2026211 1700", "Density": "Heavy", "Shape__Area": 2093060790.703125, "Shape__Length": 194341.3004089175}}, {"type": "Feature", "id": 77, "geometry": {"type": "Polygon", "coordinates": [[[-121.683029296875, 50.56762890625], [-121.619649711806, 50.5345611162912], [-121.581070276334, 50.4629135932726], [-121.564536232561, 50.4215784838388], [-121.528712471051, 50.3554423087448], [-121.517689775202, 50.3196185472355], [-121.512178427278, 50.2893061336507], [-121.501155731429, 50.2589937200659], [-121.49013303558, 50.2286813064811], [-121.481866013693, 50.2204142845944], [-121.457064948033, 50.2011245668586], [-121.437775230297, 50.1818348491228], [-121.421241186523, 50.1625451313871], [-121.401951468788, 50.1377440657268], [-121.390928772939, 50.1046759781797], [-121.390928772939, 50.0771192385572], [-121.390928772939, 50.0468068249724], [-121.388173098976, 50.0109830634632], [-121.368883381241, 49.9889376717651], [-121.341326641618, 49.9806706498784], [-121.316525575958, 49.9751593019539], [-121.291724510298, 49.9696479540294], [-121.2696791186, 49.9420912144068], [-121.272434792562, 49.900756104973], [-121.291724510298, 49.856665321577], [-121.322036923882, 49.8070631902564], [-121.355105011429, 49.7795064506339], [-121.393684446901, 49.7657280808227], [-121.446042252184, 49.7657280808227], [-121.492888709542, 49.7767507766717], [-121.525956797089, 49.7905291464829], [-121.556269210674, 49.8208415600677], [-121.553513536712, 49.856665321577], [-121.545246514825, 49.8814663872373], [-121.545246514825, 49.9090231268598], [-121.559024884636, 49.9531139102558], [-121.572803254447, 49.9861819978029], [-121.592092972183, 50.0192500853499], [-121.605871341994, 50.063340868746], [-121.614138363881, 50.1129430000665], [-121.616894037843, 50.151522435538], [-121.627916733692, 50.1845905230851], [-121.647206451428, 50.2204142845944], [-121.663740495202, 50.2507266981792], [-121.6857858869, 50.2865504596884], [-121.705075604636, 50.3113515253487], [-121.746410714069, 50.380243374405], [-121.762944757843, 50.4133114619521], [-121.776723127654, 50.4656692672349], [-121.776723127654, 50.5152713985554], [-121.762944757843, 50.5566065079892], [-121.73538801822, 50.5786518996872], [-121.705075604636, 50.5786518996872], [-121.683029296875, 50.56762890625]]]}, "properties": {"FID": 77, "Satellite": "GOES-EAST", "Start": "2026211 1500", "End_": "2026211 1700", "Density": "Heavy", "Shape__Area": 3174640262.5, "Shape__Length": 325128.82269682304}}, {"type": "Feature", "id": 78, "geometry": {"type": "Polygon", "coordinates": [[[-116.36641796875, 49.7756025390625], [-116.346210119745, 49.7498833810375], [-116.331513188233, 49.7370235659645], [-116.302119325209, 49.7204895180136], [-116.274562578624, 49.7149781686966], [-116.254354297795, 49.7113039358186], [-116.228634667649, 49.7057925865016], [-116.213937736137, 49.6910956549896], [-116.204752153942, 49.6690502577217], [-116.202915037503, 49.6433306275757], [-116.20842638682, 49.6176109974297], [-116.22679755121, 49.5937284837228], [-116.2451687156, 49.5808686686498], [-116.26353987999, 49.5790315522108], [-116.280073927941, 49.5863800179668], [-116.303956441648, 49.5937284837228], [-116.322327606038, 49.5937284837228], [-116.335187421111, 49.5937284837228], [-116.351721469062, 49.5992398330398], [-116.368255517012, 49.6157738809907], [-116.377441099207, 49.6378192782587], [-116.395812263597, 49.6506790933317], [-116.410509195109, 49.6598646755267], [-116.425206126621, 49.6745616070386], [-116.434391708816, 49.6910956549896], [-116.447251523889, 49.7076297029406], [-116.449088640328, 49.7315122166476], [-116.44541440745, 49.7443720317205], [-116.438065941694, 49.7682545454275], [-116.42704324306, 49.7756030111835], [-116.410509195109, 49.7774401276225], [-116.382952448524, 49.7792772440615], [-116.36641796875, 49.7756025390625]]]}, "properties": {"FID": 78, "Satellite": "GOES-EAST", "Start": "2026211 1500", "End_": "2026211 1700", "Density": "Heavy", "Shape__Area": 573987263.7734375, "Shape__Length": 97880.80664476429}}, {"type": "Feature", "id": 79, "geometry": {"type": "Polygon", "coordinates": [[[-122.53772265625, 62.6721274414062], [-122.510165925218, 62.6390592416058], [-122.47985349664, 62.5922127610762], [-122.457808094038, 62.5563889818478], [-122.444029717412, 62.5233208779446], [-122.435762691436, 62.4930084493666], [-122.42198431481, 62.4599403454634], [-122.399938912208, 62.4213608909097], [-122.391671886232, 62.3855371116812], [-122.402694587533, 62.3497133324528], [-122.435762691436, 62.3194009038749], [-122.466075120014, 62.3249122545254], [-122.510165925218, 62.3442019818023], [-122.534967003146, 62.3690030597296], [-122.557012405748, 62.4020711636328], [-122.576302133025, 62.4516733194876], [-122.590080509651, 62.4847414233908], [-122.598347535627, 62.517809527294], [-122.612125912253, 62.548121955872], [-122.634171314855, 62.5839457351004], [-122.653461042132, 62.6142581636783], [-122.664483743433, 62.6500819429068], [-122.658972392783, 62.6886613974605], [-122.645194016156, 62.6914170727858], [-122.614881587579, 62.6941727481111], [-122.576302133025, 62.6914170727858], [-122.53772265625, 62.6721274414062]]]}, "properties": {"FID": 79, "Satellite": "GOES-EAST", "Start": "2026211 1500", "End_": "2026211 1700", "Density": "Heavy", "Shape__Area": 1442199278.9765625, "Shape__Length": 199662.6140915135}}]}